-- phpMyAdmin SQL Dump
-- version 4.8.5
-- https://www.phpmyadmin.net/
--
-- Host: 127.0.0.1
-- Generation Time: Jul 07, 2020 at 01:59 PM
-- Server version: 10.1.38-MariaDB
-- PHP Version: 7.3.3

SET SQL_MODE = "NO_AUTO_VALUE_ON_ZERO";
SET AUTOCOMMIT = 0;
START TRANSACTION;
SET time_zone = "+00:00";


/*!40101 SET @OLD_CHARACTER_SET_CLIENT=@@CHARACTER_SET_CLIENT */;
/*!40101 SET @OLD_CHARACTER_SET_RESULTS=@@CHARACTER_SET_RESULTS */;
/*!40101 SET @OLD_COLLATION_CONNECTION=@@COLLATION_CONNECTION */;
/*!40101 SET NAMES utf8mb4 */;

--
-- Database: `perfilman`
--

-- --------------------------------------------------------

--
-- Table structure for table `admin`
--

CREATE TABLE `admin` (
  `id` int(11) NOT NULL,
  `username` varchar(255) NOT NULL,
  `password` varchar(255) NOT NULL,
  `nama` varchar(255) NOT NULL
) ENGINE=InnoDB DEFAULT CHARSET=latin1;

--
-- Dumping data for table `admin`
--

INSERT INTO `admin` (`id`, `username`, `password`, `nama`) VALUES
(1, 'admin', '123', 'Hendra');

-- --------------------------------------------------------

--
-- Table structure for table `aktor`
--

CREATE TABLE `aktor` (
  `id_aktor` int(11) NOT NULL,
  `peran` varchar(255) NOT NULL,
  `jenis_kl` varchar(255) NOT NULL,
  `nama` varchar(255) NOT NULL,
  `tgl_lahir` date NOT NULL,
  `umur` int(11) NOT NULL,
  `biografu` mediumtext NOT NULL,
  `foto` varchar(255) NOT NULL,
  `id_film` int(11) NOT NULL
) ENGINE=InnoDB DEFAULT CHARSET=latin1;

--
-- Dumping data for table `aktor`
--

INSERT INTO `aktor` (`id_aktor`, `peran`, `jenis_kl`, `nama`, `tgl_lahir`, `umur`, `biografu`, `foto`, `id_film`) VALUES
(1, 'Riwayat Perfilman', 'Pria', 'Brad Pitt', '1963-12-18', 56, 'William Bradley \"Brad\" Pitt (born December 18, 1963) is an American actor and film producer. Pitt has received two Academy Award nominations and four Golden Globe Award nominations, winning one. He has been described as one of the world\'s most attractive men, a label for which he has received substantial media attention. Pitt began his acting career with television guest appearances, including a role on the CBS prime-time soap opera Dallas in 1987. He later gained recognition as the cowboy hitchhiker who seduces Geena Davis\'s character in the 1991 road movie Thelma & Louise. Pitt\'s first leading roles in big-budget productions came with A River Runs Through It (1992) and Interview with the Vampire (1994). He was cast opposite Anthony Hopkins in the 1994 drama Legends of the Fall, which earned him his first Golden Globe nomination. In 1995 he gave critically acclaimed performances in the crime thriller Seven and the science fiction film 12 Monkeys, the latter securing him a Golden Globe Award for Best Supporting Actor and an Academy Award nomination.\r\n\r\n', 'foto-Brad-Pitt.jpg', 2),
(2, 'Riwayat Perfilman', 'Pria', 'Tommy Lee Jones', '1946-09-15', 73, 'Tommy Lee Jones (born September 15, 1946) is an American actor and film director.\r\n\r\nHe has received three Academy Award nominations, winning one as Best Supporting Actor for the 1993 thriller film The Fugitive. His notable film roles include federal marshal Samuel Gerard in The Fugitive and its sequel U.S. Marshals, the villain \"Two-Face\" in Batman Forever, terrorist William Strannix in Under Siege, Agent K in the Men in Black films, former Texas Ranger Woodrow F. Call in Lonesome Dove, Ed Tom Bell in No Country for Old Men, a Texas Ranger in Man of the House and rancher Pete Perkins in The Three Burials of Melquiades Estrada. Jones has also portrayed real-life figures such as businessman Howard Hughes, executed murderer Gary Gilmore, Oliver Lynn in Coal Miner\'s Daughter and baseball great Ty Cobb.\r\n\r\nDescription above from the Wikipedia article Tommy Lee Jones, licensed under CC-BY-SA, full list of contributors on Wikipedia.', 'foto-Tommy-Lee-Jones.jpg', 2),
(3, 'Riwayat Perfilman', 'Wanita', 'Ruth Negga', '1982-01-01', 38, 'Ruth Negga (born 1982) is an Ethiopian-Irish actress who has starred in Irish films such as Capital Letters (2004), Isolation (2005) and Breakfast on Pluto (2005). She has also appeared in the BBC mini-series Criminal Justice and E4\'s Misfits.\r\n\r\n', 'foto-Ruth-Negga.jpg', 2),
(4, 'Riwayat Perfilman', 'Pria', 'John Ortiz', '1968-05-23', 52, 'John Ortiz (born November 21, 1969) is an American actor and Artistic Director/Co-Founder of LAByrinth Theater Company.\r\n\r\nDescription above from the Wikipedia article John Ortiz, licensed under CC-BY-SA, full list of contributors on Wikipedia.', 'foto-John-Ortiz.jpg', 2),
(5, 'Riwayat Perfilman', 'Wanita', 'Liv Tyler', '1977-07-01', 42, 'Liv Rundgren Tyler is an American actress and model. She is the daughter of Aerosmith\'s lead singer, Steven Tyler, and Bebe Buell, model and singer. Tyler began a career in modeling at the age of 14, but after less than a year she decided to focus on acting. She made her film debut in the 1994 film Silent Fall. She then appeared in supporting roles in Empire Records (1995), Heavy (1996), and That Thing You Do! (1996). Tyler later achieved critical recognition in the leading role Stealing Beauty (1996). She followed this by starring in supporting roles including Inventing the Abbotts (1997) and Cookie\'s Fortune (1999).\r\n\r\nTyler achieved international recognition as a result of her portrayal of Elf maiden Arwen Undómiel in the Lord of the Rings film trilogy. She has appeared in an eclectic range of films, including the 2004 comedy Jersey Girl, the indie film Lonesome Jim (2005), the drama Reign Over Me (2007) and big-budget studio films such as Armageddon (1998), The Strangers (2008) and The Incredible Hulk (2008).', 'foto-Liv-Tyler.jpg', 2),
(6, 'Riwayat Perfilman', 'Pria', 'Vin Diesel', '1967-07-18', 52, 'Vin Diesel is an American actor, producer, director, and screenwriter. He came to prominence in the late 1990s, and first became known for appearing in Steven Spielberg\'s Saving Private Ryan in 1998. He is most known for his portrayals of Riddick in The Chronicles of Riddick trilogy (2001–2013), and of Dominic Toretto in The Fast and the Furious film series (2001–present), two franchises in which he also acted as producer. He also starred in xXx (2002) and Sidney Lumet\'s Find Me Guilty (2006). His voice acting work includes Brad Bird\'s The Iron Giant (1999), the video games of The Chronicles of Riddick franchise, and the upcoming Guardians of the Galaxy adaptation of the Marvel comics of the same name. As a filmmaker, Diesel directed, wrote, produced and starred in the drama film Strays, as well as in two short films. He is also the founder of the production companies One Race Films, Racetrack Records, and Tigon Studios.', 'foto-Vin-Diesel.jpg', 3),
(7, 'Riwayat Perfilman', 'Wanita', 'Eiza González', '1990-01-30', 30, 'Eiza González was born on January 30, 1990 in Mexico City, Distrito Federal, Mexico as Eiza González Reyna. She is an actress, known for Amores verdaderos (2012), From Dusk Till Dawn (2014) and Almost Thirty (2014).', 'foto-Eiza-González.jpg', 3),
(8, 'Riwayat Perfilman', 'Pria', 'Sam Heughan', '1980-04-30', 40, 'Sam graduated from the Royal Scottish Academy of Music and Drama in 2003. He was nominated for a 2003 Laurence Olivier Award (Most Promising Performance) for Outlying Islands at the Royal Court Theatre Upstairs.\r\n\r\nSam has appeared in various TV programmes including: A Very British Sex Scandal (Channel 4), Any Human Heart (Film4), Midsomer Murders (ITV) and as a regular character in BBC Soaps River City and Doctors.\r\n\r\nHis film leads include: Young Alexander The Great (Ilya Salkind Company) and Emulsion (White Lantern Films), while theatre credits include: Plague Over England (Duchess, West End), MacBeth (Nottingham, Edinburgh Lyceum), Romeo And Juliet (Dundee Rep) and Hamlet (Citizens Glasgow).\r\n', 'foto-Sam-Heughan.jpg', 3),
(9, 'Riwayat Perfilman', 'Pria', 'Toby Kebbell', '1982-07-09', 37, 'Tobias Alistair P. \"Toby\" Kebbell (born 9 July 1982) is an English actor.\r\n\r\nDescription above from the Wikipedia Toby Kebbell, licensed under CC-BY-SA, full list of contributors on Wikipedia.\r\n', 'foto-Toby-Kebbell.jpg', 3),
(10, 'Riwayat Perfilman', 'Wanita', 'Talulah Riley', '1985-09-26', 34, 'Talulah Riley is a British stage, film and television actress and novelist, best known for playing recurring character Angela on the HBO television series Westworld.', 'fofo-Talulah-Riley.jpg', 3),
(11, 'Riwayat Perfilman', 'Pria', 'Will Forte', '1970-06-17', 49, 'Orville Willis Forte IV, better known as Will Forte (born June 17, 1970), is an American actor, comedian and writer best known as a cast member on Saturday Night Live from 2002–2010 and for starring in the SNL spin-off film MacGruber.', 'foto-Will-Forte.jpg', 4),
(12, 'Riwayat Perfilman', 'Pria', 'Frank Welker', '1946-03-12', 74, 'Franklin Wendell \"Frank\" Welker (born March 12, 1946) is an American actor who specializes in voice acting and has contributed character voices and other vocal effects to American television and motion pictures. As of September 2010, Welker had voiced or appeared in 93 films with a combined gross revenue of $5.7 billion making him the top grossing actor by this standard (and over $800 million ahead of the next highest grossing actor, Samuel L. Jackson).\r\n\r\nDescription above from the Wikipedia article Frank Welker, licensed under CC-BY-SA, full list of contributors on Wikipedia.\r\n', 'foto-Frank-Welker.jpg', 4),
(13, 'Riwayat Perfilman', 'Wanita', 'Amanda Seyfried', '1985-12-03', 34, 'Amanda Michelle Seyfried (born December 3, 1985) is an American actress and singer. She began her career as a model when she was 11, then at 15 began an acting career, starting off with uncredited roles and moving on to recurring roles on the soap operas As the World Turns and All My Children. Amanda is also noted to be an avid fan of the New York Rangers, her favorite player being Ryan McDonagh. In addition to hockey, Seyfried enjoys professional wrestling and is a fan of independent wrestler Kai Katana.\r\n\r\nIn 2004, Seyfried made her film debut in the teen comedy Mean Girls. Her subsequent supporting roles were in independent films, such as the drama Nine Lives(2005) and the crime drama Alpha Dog (2006), she also had a recurring role in the UPN TV drama show Veronica Mars (2004–2006). Between 2006 and 2011, she starred on the HBO drama series Big Love and appeared in the 2008 musical feature film Mamma Mia!.\r\n\r\nHer other appearances include leading roles in the black comedy horror film Jennifer\'s Body (2009), as a call girl in the erotic thriller, Chloe (2009), the romantic drama-war film Dear John (2010), the romantic drama Letters to Juliet (2010), the dark fantasy historical romance Red Riding Hood (2011), the dystopian sci-fi thriller In Time (2011), the thriller Gone (2012), the musical drama film Les Misérables (2012), as the title porn actress in the biographical drama Lovelace (2013), and in the comedies A Million Ways to Die in the West (2014) and Ted 2 (2015).\r\n\r\nDescription above from the Wikipedia article Amanda Seyfried, licensed under CC-BY-SA, full list of contributors on Wikipedia.', 'foto-Amanda-Seyfried.jpg', 4),
(14, 'Riwayat Perfilman', 'Pria', 'Mark Wahlberg', '1971-06-05', 49, 'Mark Robert Michael Wahlberg (born June 5, 1971) is an American actor, film and television producer, and former rapper. He was known as Marky Mark in his earlier years, and became famous for his 1991 debut as a musician with the band Marky Mark and the Funky Bunch. He was named No.1 on VH1\'s 40 Hottest Hotties of the 90\'s. He is well known for his roles in films such as Boogie Nights (1997), Three Kings (1999), The Perfect Storm (2000), Planet of the Apes (2001), The Italian Job (2003), I Heart Huckabees (2004), Four Brothers (2005), The Departed (2006), Invincible (2006), Shooter (2007), and The Fighter (2010). He has also served as the executive producer of the TV series Entourage and Boardwalk Empire.\r\n\r\nDescription above from the Wikipedia article Mark Wahlberg, licensed under CC-BY-SA, full list of contributors on Wikipedia.\r\n', 'foto-Mark-Wahlberg.jpg', 4),
(15, 'Riwayat Perfilman', 'Pria', 'Jason Isaacs', '1963-06-06', 57, 'Jason Isaacs is an English actor born in Liverpool, who is most well known for his performance as the villain Lucius Malfoy in the Harry Potter films, the brutal Colonel William Tavington in The Patriot and as lifelong criminal Michael Caffee in the internationally-broadcast American television series Brotherhood.\r\n\r\nJason Isaacs was born on 6 June 1963, in Liverpool, England, to Jewish parents who later emigrated to Israel. He spent his earliest childhood years in an \"insular\" and \"closely-knit\" Jewish community of Liverpudlians, of which his Eastern European great-grandparents were founder-members.\r\n\r\nWhen he was 11, he moved with his family to Northwest London. He describes his childhood as \"preparation\" for portraying the \"unattractive\", villainous characters whom he has most often played.\r\n', 'foto-Jason-Isaacs.jpg', 4),
(16, 'Riwayat Perfilman', 'Wanita', 'Betty Gilpin', '1986-07-21', 33, 'American actress, best known for portraying Debbie \"Liberty Belle\" Eagan in Netflix\'s comedy series GLOW. She also starred as Dr. Carrie Roman in the Showtime comedy-drama series Nurse Jackie. Gilpin also starred in films such as True Story (2015), Future \'38 (2017), Isn\'t It Romantic (2019), A Dog\'s Journey (2019), Stuber (2019), The Grudge (2020) and The Hunt (2020).', 'foto-Betty-Gilpin.jpg', 5),
(17, 'Riwayat Perfilman', 'Wanita', 'Hilary Swank', '1974-07-30', 45, 'Hilary Ann Swank (born July 30, 1974) is an American actress and film producer. Swank\'s film career began with a small part in Buffy the Vampire Slayer (1992) and then a major part in The Next Karate Kid (1994), as Julie Pierce, the first female protégé of sensei Mr. Miyagi. She won the Academy Award for Best Actress twice, as Brandon Teena, a transman in Boys Don\'t Cry (1999) and as struggling waitress-turned-boxer, Maggie Fitzgerald, in Million Dollar Baby (2004).\r\n\r\nSince 2003, Swank has worked as an executive producer, co-producing and starring in Conviction (2010).\r\n\r\nDescription above from the Wikipedia article Hilary Swank, licensed under CC-BY-SA, full list of contributors on Wikipedia.\r\n', 'foto-Hilary-Swank.jpg', 5),
(18, 'Riwayat Perfilman', 'Pria', 'Ethan Suplee', '1976-05-25', 44, 'Ethan Suplee (born May 25, 1976) is an American film and television actor best known for his roles as Seth Ryan in American History X, Louie Lastik in Remember the Titans, Frankie in Boy Meets World, Randy Hickey in My Name Is Earl, Thumper in The Butterfly Effect, Dewey in Unstoppable, and his roles in Kevin Smith films.\r\n\r\nDescription above from the Wikipedia article Ethan Suplee, licensed under CC-BY-SA, full list of contributors on Wikipedia.\r\n', 'foto-Ethan-Suplee.jpg', 5),
(19, 'Riwayat Perfilman', 'Wanita', 'Teri Wyble', '0000-00-00', 0, 'Teri Wyble is an actress.', 'foto-Teri-Wyble.jpg', 5),
(20, 'Riwayat Perfilman', 'Pria', 'Ike Barinholtz', '1977-02-18', 43, 'Isaac \"Ike\" Barinholtz, born February 18, 1977, is an American actor, comedian, voice actor and writer, known as a cast member on MADtv (1995), from 2002-2007, and for his roles on The Mindy Project (2012) and Eastbound & Down (2009). He spent two years in Amsterdam with the famed comedy troupe, \"Boom Chicago\", along with Jordan Peele, Josh Meyers and Nicole Parker. Barinholtz hosted the \"Worst of Boom Night\", during a 10-year anniversary of the improve troupe, \"Boom Chicago\", where they performed their worst material from previous shows.', 'foto-Ike-Barinholtz.jpg', 5),
(21, 'Riwayat Perfilman', 'Pria', 'Will Smith', '1968-09-25', 51, 'Willard Christopher \"Will\" Smith, Jr. (born September 25, 1968) is an American actor, film producer and pop rapper. He has enjoyed success in music, television and film. In April 2007, Newsweek called him the most powerful actor on the planet. Smith has been nominated for four Golden Globe Awards, two Academy Awards, and has won multiple Grammy Awards.\r\n\r\nIn the late 1980s, Smith achieved modest fame as a rapper under the name The Fresh Prince. In 1990, his popularity increased dramatically when he starred in the popular television series The Fresh Prince of Bel-Air. The show ran for nearly six years (1990–1996) on NBC and has been syndicated consistently on various networks since then.\r\n\r\nIn the mid-1990s, Smith transitioned from television to film, and ultimately starred in numerous blockbuster films that received broad box office success. In fact, he is the only actor in history to have eight consecutive films gross over $100 million in the domestic box office as well as being the only actor to have eight consecutive films in which he starred open at the #1 spot in the domestic box office tally. Fourteen of the 19 fiction films he has acted in have accumulated worldwide gross earnings of over $100 million, and 4 of them took in over $500 million in global box office receipts. His most financially successful films have been Bad Boys, Bad Boys II, Independence Day, Men in Black, Men in Black II, I, Robot, The Pursuit of Happyness, I Am Legend, Hancock, Wild Wild West, Enemy of the State, Shark Tale, Hitch, and Seven Pounds. He also earned critical praise for his performances in Six Degrees of Separation, Ali, and The Pursuit of Happyness, receiving Best Actor Oscar nominations for the latter two.\r\n', 'foto-Will-Smith.jpg', 6),
(22, 'Riwayat Perfilman', 'Pria', 'Martin Lawrence', '1965-04-16', 55, 'From Wikipedia, the free encyclopedia\r\n\r\nMartin Fitzgerald Lawrence (born April 16, 1965) is an American actor who was born in Frankfurt am Main, Germany, he\'s film director, film producer, screenwriter, and comedian. He came to fame during the 1990s, establishing a Hollywood career as a leading actor, most notably the films Bad Boys, Blue Streak, Big Momma\'s House and Bad Boys II. Lawrence has acted in numerous movie roles and starred in his own television series, Martin, which ran from 1992 to 1997.\r\n\r\nDescription above from the Wikipedia article Martin Lawrence,licensed under CC-BY-SA, full list of contributors on Wikipedia.\r\n', 'foto-Martin-Lawrence.jpg', 6),
(23, 'Riwayat Perfilman', 'Wanita', 'Paola Nuñez', '1985-04-08', 35, 'Paola Nuñez was born on April 8, 1985 in Tijuana, Baja California, Mexico. She is an actress and producer, known for Without Her (2005), Desire (2013) and Behind the Power (2013).', 'foto-Paola-Nuñez.jpg', 6),
(24, 'Riwayat Perfilman', 'Wanita', 'Vanessa Hudgens', '1988-12-14', 31, 'Vanessa Anne Hudgens (born December 14, 1988) is an American actress and singer, best known for her role as Gabriella Montez in the High School Musical series (2006 - 08). She made her film screen debut in the 2003 drama film Thirteen.', 'foto-Vanessa-Hudgens.jpg', 6),
(25, 'Riwayat Perfilman', 'Pria', 'Alexander Ludwig', '1992-05-07', 28, 'Alexander Ludwig (born May 7, 1992) is a Canadian actor.', 'Alexander Ludwig.jpg', 6),
(26, 'Riwayat Perfilman', 'Pria', 'Ben Schwartz', '1981-09-15', 38, 'Ben Schwartz is an American comedian. A member of the Upright Citizens Brigade Theater, he got his start in comedy by faxing jokes to Saturday Night Live\'s Weekend Update and the Late Show with David Letterman. He has portrayed characters in two NBC shows, Undercovers and Parks and Recreation, made guest appearances in comedy sketches for CollegeHumor, and starred in the 2011 film Peep World. He has also been hired to write a remake of the 1991 comedy Soapdish. In addition, Schwartz has penned two books.\r\n\r\nSchwartz was nominated for the 2009 Emmy for Outstanding Writing For A Variety, Music Or Comedy Special for coauthoring Hugh Jackman\'s opening number for the 81st Academy Awards.\r\n\r\nHe lives in The Bronx, New York.', 'foto-Ben-Schwartz.jpg', 7),
(27, 'Riwayat Perfilman', 'Pria', 'James Marsden', '1973-09-18', 46, 'James Paul Marsden (born September 18, 1973) is an American actor, singer and former fashion model, best known for playing superhero Scott Summers / Cyclops in the X-Men film series.', 'foto-James-Marsden.jpg', 7),
(28, 'Riwayat Perfilman', 'Pria', 'Jim Carrey', '1962-01-17', 58, 'James Eugene \"Jim\" Carrey is a Canadian-American actor, comedian, singer and writer. He has received two Golden Globe Awards and has also been nominated on four occasions.\r\n\r\nCarrey began stand-up comedy in 1979, performing at Yuk Yuk\'s in Toronto, Ontario. After gaining prominence in 1981, he began working at The Comedy Store in Los Angeles where he was soon noticed by comedian Rodney Dangerfield, who immediately signed him to open his tour performances.\r\n\r\nCarrey, long interested in film and television, developed a close friendship with comedian Damon Wayans, which landed him a role in the sketch comedy hit In Living Color, in which he portrayed various characters during the show\'s 1990 season. Having had little success in television movies and several low-budget films, Carrey was cast as the title character in Ace Ventura: Pet Detective which premiered in February, 1994, making more than $72 million domestically. The film spawned a sequel, Ace Ventura: When Nature Calls (1995), in which he reprised the role of Ventura.\r\n\r\nHigh profile roles followed when he was cast as Stanley Ipkiss in The Mask (1994) for which he gained a Golden Globe Award nomination for Best Actor in a Musical or Comedy, and as Lloyd Christmas in the comedy film Dumb and Dumber (1994). Between 1996 and 1999, Carrey continued his success after earning lead roles in several highly popular films including The Cable Guy (1996), Liar Liar (1997), in which he was nominated for another Golden Globe Award and in the critically acclaimed films The Truman Show and Man on the Moon, in 1998 and 1999, respectively. Both films earned Carrey Golden Globe awards. Since earning both awards — the only two in his three-decade career— Carrey continued to star in comedy films, including How the Grinch Stole Christmas (2000) where he played the title character, Bruce Almighty (2003) where he portrayed the role of unlucky TV reporter Bruce Nolan, Lemony Snicket\'s A Series of Unfortunate Events (2004), Fun with Dick and Jane (2005), Yes Man (2008), and A Christmas Carol (2009).\r\n\r\nCarrey has also taken on more serious roles including Joel Barish in Eternal Sunshine of the Spotless Mind (2004) alongside Kate Winslet and Kirsten Dunst, which earned him another Golden Globe nomination, and Steven Jay Russell in I Love You Phillip Morris (2009) alongside Ewan McGregor.   Description above from the Wikipedia article Jim Carrey, licensed under CC-BY-SA, full list of contributors on Wikipedia.\r\n', 'foto-Jim-Carrey.jpg', 7),
(29, 'Riwayat Perfilman', 'Wanita', 'Tika Sumpter', '1980-06-20', 39, 'Private Life: Born in Queens, New York, Sumpter studied at Marymount Manhattan College where she majored in communications. She began her career modeling and appeared in various commercials for products including Hewlett-Packard and Liz Claiborne\'s Curve fragrances.\r\n\r\nCareer: In 2004, she served as the co-host for the N network series Best Friend\'s Date. The following year she landed the role of Layla Williamson on One Life to Live.\r\n\r\nSince January 2011, Sumpter has appeared on Gossip Girl as Raina Thorpe, the daughter of Russell Thorpe (Michael Boatman) and Chuck Bass\' love interest.\r\n', 'foto-Tika-Sumpter.jpg', 7),
(30, 'Riwayat Perfilman', 'Pria', 'Adam Pally', '1982-03-18', 38, 'Adam Saul Pally is an American actor and comedian, most widely known for starring as Max Blum in the ABC comedy series Happy Endings and as Dr. Peter Prentice in The Mindy Project.', 'foto-Adam-Pally.jpg', 7),
(31, 'Riwayat Perfilman', 'Pria', 'Matthew McConaughey', '1969-11-04', 50, 'Matthew David McConaughey (born November 4, 1969) is an American actor. After a series of minor roles in the early 1990s, McConaughey gained notice for his breakout role in Dazed and Confused (1993). It was in this role that he first conceived the idea of his catch-phrase \"Well alright, alright.\" He then appeared in films such as A Time to Kill, Contact, U-571, Tiptoes, Sahara, and We Are Marshall. McConaughey is best known more recently for his performances as a leading man in the romantic comedies The Wedding Planner, How to Lose a Guy in 10 Days, Failure to Launch, Ghosts of Girlfriends Past and Fool\'s Gold.\r\n\r\nDescription above from the Wikipedia article Matthew McConaughey, licensed under CC-BY-SA, full list of contributors on Wikipedia.\r\n', 'foto-Matthew-McConaughey.jpg', 8),
(32, 'Riwayat Perfilman', 'Pria', 'Charlie Hunnam', '1980-04-10', 40, 'Charles Matthew \"Charlie\" Hunnam (born 10 April 1980) is an English actor. He is perhaps best known to UK audiences as Pete Dunham in Green Street Hooligans and as Nathan Maloney in the Channel 4 hit drama Queer as Folk and to US audiences as Jackson \"Jax\" Teller in the FX network series, Sons of Anarchy.', 'foto-Charlie-Hunnam.jpg', 8),
(33, 'Riwayat Perfilman', 'Pria', 'Henry Golding', '1987-02-05', 33, 'Henry Golding is an English-Iban mixed model and TV host. Having such a unique background, he balances western values with eastern cultures, blending his charm and charisma with his life-long fascination in Travel and Anthropology. He rose to fame when hosting The 8TV Quickie and currently known as the face of CANON Malaysia and the host of a travel show Without Boundaries.\r\n\r\nHenry is a fully trained hairstylist turned Host/Travel presenter who resides in Singapore and Malaysia.\r\n\r\nAfter relocating from London back in 2008 to Asia, his career as a regional television host has grown from strength to strength. After receiving his first big break on ESPN’s Castrol Football crazy, he found his true calling under a production called “Welcome to the Railworld” for Media Prima channel, 8tv – Nominated at the Asian Television Awards for best lifestyle programme 2011.\r\n', 'foto-Henry-Golding.jpg', 8),
(34, 'Riwayat Perfilman', 'Wanita', 'Michelle Dockery', '1981-12-15', 38, 'From Wikipedia, the free encyclopedia.  \r\n\r\nMichelle Dockery (born December 15, 1981 in Essex) is an English actress, mostly on stage, who has become best known for her role as Lady Mary Crawley in the television drama series Downton Abbey. She made her television debut as Susan Sto Helit in Terry Pratchett\'s Hogfather in 2006.\r\n\r\nDescription above from the Wikipedia article Michelle Dockery, licensed under CC-BY-SA, full list of contributors on Wikipedia.', 'foto-Michelle-Dockery.jpg', 8),
(35, 'Riwayat Perfilman', 'Pria', 'Jeremy Strong', '1978-12-25', 41, 'Jeremy Strong (born December 25, 1978) is an American actor.', 'foto-Jeremy-Strong.jpg', 8),
(36, 'Riwayat Perfilman', 'Pria', 'Joaquin Phoenix', '1974-10-28', 45, 'Joaquin Rafael Phoenix (born October 28, 1974) is an American actor and producer. He has received numerous awards and nominations, including an Academy Award, a Grammy Award, and two Golden Globe Awards.\r\n\r\nAs a child, Phoenix started acting in television with his brother River and sister Summer. His first major film role was in SpaceCamp (1986). During this period, he was credited as Leaf Phoenix, a name he gave himself. He later went back to his original name and received positive reviews for his supporting work in the comedy-drama film To Die For (1995) and the period film Quills (2000). He received wider attention for his portrayal of Commodus in the historical drama film Gladiator (2000), for which he was nominated for the Academy Award for Best Supporting Actor. He subsequently earned Best Actor nominations for portraying musician Johnny Cash in Walk the Line (2005), an alcoholic war veteran in The Master (2012), and the title character in Joker (2019), winning for the latter. His other films include the horror films Signs (2002) and The Village (2004), the historical drama Hotel Rwanda (2004), the romantic drama Her (2013), the crime satire Inherent Vice (2014), and the psychological thriller You Were Never Really Here (2017), winning the Cannes Film Festival Award for Best Actor for the latter.\r\n\r\nPhoenix has also ventured into directing music videos, as well as producing films and television shows. For recording the soundtrack to Walk the Line, he won the Grammy Award for Best Compilation Soundtrack for Visual Media. He is a social activist and has lent his support to several charities and humanitarian organizations. He is on the board of directors for The Lunchbox Fund, a non-profit organization which provides daily meals to school students in the South African town of Soweto. He is also known for his animal rights advocacy; he has been a vegan since the age of three and often campaigns with PETA and In Defense of Animals. For his lifelong dedication to animal rights, he was named PETA\'s Person of the Year in 2019.\r\n\r\nDescription above from the Wikipedia article Joaquin Phoenix, licensed under CC-BY-SA, full list of contributors on Wikipedia.\r\n', 'foto-Joaquin-Phoenix.jpg', 9),
(37, 'Riwayat Perfilman', 'Pria', 'Robert De Niro', '1943-08-17', 76, 'Robert De Niro, Jr. (born August 17, 1943) is an American actor, director, and producer.\r\n\r\nHis first major film role was in 1973\'s Bang the Drum Slowly. In 1974, he played the young Vito Corleone in The Godfather Part II, a role that won him the Academy Award for Best Supporting Actor. His longtime collaboration with Martin Scorsese began with 1973\'s Mean Streets, and earned De Niro an Academy Award for Best Actor for his portrayal of Jake LaMotta in the 1980 film, Raging Bull. He was also nominated for an Academy Award for his roles in Scorsese\'s Taxi Driver (1976) and Cape Fear (1991). In addition, he received nominations for his acting in Michael Cimino\'s The Deer Hunter (1978) and Penny Marshall\'s Awakenings (1990).\r\n\r\nHe has received high critical praise in Scorsese\'s films such as for his portrayals as Travis Bickle in Taxi Driver, Jake Lamotta in Raging Bull, and as Jimmy Conway in Goodfellas. He has earned four nominations for the Golden Globe Award for Best Actor – Motion Picture Musical or Comedy: New York, New York (1977), Midnight Run (1988), Analyze This (1999) and Meet the Parents (2000). He directed A Bronx Tale (1993) and The Good Shepherd (2006).\r\n', 'foto-Robert-De-Niro.jpg', 9),
(38, 'Riwayat Perfilman', 'Wanita', 'Zazie Beetz', '1991-06-01', 29, 'Zazie Beetz is a German born, American actress best known for the role of Vanessa on Atlanta. In 2016 she also appeared in the Netflix anthology series Easy. Performing in community theaters and local stages since childhood, Zazie found her joy in grade school and grew up acting as a girl. A German-born New York native, Zazie was raised between Washington Heights and Berlin, speaking both German and English with her family at home. She received training from the Harlem School of the Arts and LaGuardia Arts Highschool, but took time to study French, feel fancy, and live in Paris during her time at Skidmore College. Theater continued to live alongside her love for language and travel, so upon graduating in 2013, she decided to muster up her courage and pursue a career in performing.\r\n\r\nLiving in Harlem now, she has since had the opportunity to work on various New York films and is happy to find herself on diverse sets, with all kinds of colorful people- navigating her way as a working actress. She has studied with Will Bond and Gameela Wright, collaborated with director Bart Freundlich, and will be starring in Donald Glover’s upcoming television series! Zazie is proud to be a part of this unconventional but beautiful community of performers, and has her heart open for whatever is to come.\r\n', 'foto-Zazie-Beetz.jpg', 9),
(39, 'Riwayat Perfilman', 'Wanita', 'Frances Conroy', '1953-11-13', 66, 'Frances Conroy (born November 13, 1953) is an American actress. She is most widely known for playing the matriarch Ruth O\'Connor Fisher Sibley on the HBO funeral drama series Six Feet Under, which earned her a Golden Globe in 2004.\r\n\r\nDescription above from the Wikipedia article Frances Conroy, licensed under CC-BY-SA, full list of contributors on Wikipedia.\r\n', 'foto-Frances-Conroy.jpg', 9),
(40, 'Riwayat Perfilman', 'Pria', 'Brett Cullen', '1956-08-26', 63, 'Peter Brett Cullen (born August 26, 1956) is an American actor who has appeared in numerous motion pictures and television programs. Early in 2007, he was cast as the role of an estranged father to one of the American football players, Tim Riggins (played by actor Taylor Kitsch), in the NBC drama series Friday Night Lights.\r\n\r\nCullen was born in Houston, Texas, the son of Lucien Hugh Cullen, an oil industry executive, and Catherine Cullen. He graduated from Madison High School in Houston in 1974. Cullen graduated from the University of Houston, giving great credit to his highly acclaimed acting mentor and University of Houston professor, Cecil Pickett, who also mentored such Houston born actors as Dennis Quaid, Randy Quaid, & Brent Spiner among others. Cullen and Dennis Quaid\'s close friendship to this day dates back to the 1970s and it is Cullen who introduced Dennis Quaid to his current wife, Kimberly Buffington at a dinner in Austin, Texas.\r\n\r\nCullen played Dan Fixx in the 1980s CBS drama Falcon Crest for two seasons (1986–1988) and Marshal Sam Cain in the ABC western series The Young Riders for one season (1989–1990). In 1980, he appeared as the second Gideon Chisholm in the last nine episodes of the CBS western miniseries The Chisholms. In the four earlier episodes, the Gideon Chisholm role was played by Brian Kerwin. Cullen was the lead actor as Ned Logan in the short-lived Legacy, which lasted for just one season (1998–1999). On the series The West Wing Cullen played Ray Sullivan, a fictional governor of West Virginia and the Republican nominee for Vice President.\r\n\r\nHis guest appearances on TV include: The Incredible Hulk, Tales from the Crypt, MAS*H, V, Matlock, Star Trek: Deep Space Nine, Ally McBeal, Walker, Texas Ranger, Once and Again, Without a Trace, Cold Case, The Mountain, Monk, CSI: Miami, NCIS, Desperate Housewives, Pepper Dennis, Lost, Ghost Whisperer, Private Practice, Ugly Betty, and Friday Night Lights. In 2009, he had a recurring role in the ABC Family television series Make It or Break It.\r\n\r\nHe has played two real-life astronauts, Jack Lousma in Apollo 13 (Brett is the CapCom at the time of the explosion; at that shift Lousma was the CapCom in real life) and David Scott in the HBO mini-series From the Earth to the Moon.\r\n\r\nHis most recent appearance was in the role of Barton Blaze in the movie Ghost Rider. Other movie credits include Wyatt Earp (with Kevin Costner), Gambler V: Playing for Keeps (with Kenny Rogers and Bruce Boxleitner), Something to Talk About (with Julia Roberts and Dennis Quaid), The Replacements (with Gene Hackman), On Golden Pond (with Julie Andrews and Christopher Plummer), Nancy Drew, and Gridiron Gang. He also played Bob Cleary in the 1983 mini-series The Thorn Birds.\r\n\r\nCullen was recently cast in the up-coming femme comedy Monte Carlo alongside Selena Gomez, Andie MacDowell and Leighton Meester and is playing the role of Tom Eckert in the upcoming war film Red Dawn.\r\n\r\nOn February 8, 2011, Brett was named the official spokesman for Houston Works which helps Houston residents with job training and placement, scholarships, consulting, technical initiatives focusing on science, technology, engineering and mathematics and summer job programs along with Youth Summits.\r\n\r\nDescription above from the Wikipedia article Brett Cullen, licensed under CC-BY-SA, full list of contributors on Wikipedia.\r\n', 'foto-Brett-Cullen.jpg', 9),
(41, 'Riwayat Perfilman', 'Wanita', 'Margot Robbie', '1990-07-02', 29, 'Margot Robbie (born 2 July 1990) is an Australian actress and film producer. She is known for her role as Donna Freedman on the soap opera Neighbours, which earned her two Logie Award nominations. In 2011, Robbie began starring as Laura Cameron in the ABC drama series Pan Am. Following Pan Am\'s cancellation, Robbie has appeared in the feature films About Time (2013), The Wolf of Wall Street (2013), Suicide Squad (2016) and many more. In 2017 she starred in the biographical film I, Tonya, which earned her many accolades including her first Academy Award nomination. Since 2016 she has been married to British assistant director and producer Tom Ackerley.', 'foto-Margot-Robbie.jpg', 10),
(42, 'Riwayat Perfilman', 'Pria', 'Ewan McGregor', '1971-03-31', 49, 'Ewan Gordon McGregor was born 31 March 1971 in Crieff, Scotland. At 16, he left Crieff and Morrison Academy to join the Perth Repertory Theatre. His parents encouraged him to leave school and pursue his acting goals rather than be unhappy. McGregor studied drama for a year at Kirkcaldly in Fife, then enrolled at London\'s Guildhall School of Music and Drama for a three-year course. He studied alongside Daniel Craig and Alistair McGowan among others, and left right before graduating after snagging the role of Private Mick Hopper in Dennis Potter\'s 1993 six-part Channel 4 series \"Lipstick on Your Collar\" (1993).\r\n\r\nHis first notable role was that of Alex Law in Shallow Grave (1994), directed by Danny Boyle, written by John Hodge and produced by Andrew MacDonald. This was followed by The Pillow Book (1996) and Trainspotting (1996), the latter of which brought him to the public\'s attention.\r\n\r\nHe is now one of the most critically acclaimed actors of his generation, and portrays Obi-wan Kenobi in the first three Star Wars episodes. McGregor has two daughters (Clara Mathilde and Esther Rose) with French production designer Eve Mavrakis, whom he met while working on the TV show \"Kavanagh QC\" (1995) and later married. McGregor filed for divorce in 2018.\r\n\r\nMcGregor has a production company with friends Jonny Lee Miller, Sean Pertwee, Jude Law and Sadie Frost. Called Natural Nylon, they aim to make innovative films that do not conform to Hollywood standards.\r\n', 'foto-Ewan-McGregor.jpg', 10),
(43, 'Riwayat Perfilman', 'Wanita', 'Mary Elizabeth Winstead', '1984-11-28', 35, 'Mary Elizabeth Winstead was born on November 28, 1984, in Rocky Mount, North Carolina, to Betty Lou (née Knight) and James Ronald Winstead, and is the youngest of five children. Her grandfather was a cousin of actress Ava Gardner. When she was five years old, her family moved to Sandy, Utah. She attended Peruvian Park Elementary, where she took advanced classes. She studied dance in a Joffrey Ballet summer program in Chicago, and sang in the International Children\'s Choir. During her youth, Winstead initially hoped to pursue a career as a ballerina and appeared in local ballet productions. As she entered her teens, she was forced to quit ballet due to her height. She later stated, \"I realized pretty early on that I was already too tall by the time I was 13... you know, your body has to stay that way for your entire life, and it\'s pretty hard on your muscles and your bones.\" Realizing that a dance career was unlikely, Winstead turned to acting. As she was still a teenager at the time, this required her to be homeschooled through most of high school.\r\n\r\nFurther success came with her roles as John McClane\'s daughter Lucy Gennero-McClane in Live Free or Die Hard (2007) and Ramona Flowers in Scott Pilgrim vs. the World (2010). Her critically acclaimed-performance as an alcoholic struggling with sobriety in the Sundance drama Smashed (2012) was followed by a series of roles in other well-received independent films, including The Beauty Inside (2012), The Spectacular Now (2013), Faults (2014), Alex of Venice (2014) and Swiss Army Man (2016). Winstead continued her Scream Queen roles in the body horror film The Thing (2011), as Mary Todd Lincoln in the fantasy horror film Abraham Lincoln: Vampire Hunter (2012) and in the psychological horror thriller film 10 Cloverfield Lane (2016).\r\n\r\nShe reprised her role as Lucy Gennero-McClane in A Good Day to Die Hard (2013) and returned to television with roles in the supernatural drama series The Returned (2015), the political satire/science fiction comedy series BrainDead (2016), the period medical drama series Mercy Street (2016–17) and the black comedy/crime drama anthology series Fargo (2017). Her recent roles include the comedy drama All About Nina (2018), the action thriller Gemini Man (2019) and as the Huntress in Birds of Prey (2020).\r\n\r\nSince 2013, Winstead has performed as half of the music duo Got a Girl, with Dan the Automator.\r\n', 'foto-Mary-Elizabeth-Winstead.jpg', 10),
(44, 'Riwayat Perfilman', 'Wanita', 'Jurnee Smollett-Bell', '1986-10-01', 33, 'Jurnee Diana Smollett was born on October 1, 1986 in New York City. She co-starred in the ABC television comedy On Our Own (1994–1995) and guest appeared in numerous television shows: Hangin\' with Mr. Cooper, Full House, Martin, Wanda At Large, House, Grey\'s Anatomy, etc. She also co-starred in the last two seasons of Friday Night Lights. Smollett is best known for her role in the independent film Eve\'s Bayou (1997), for which she received critical acclaim as ten-year-old Eve. Smollett was featured in the 1996 Francis Ford Coppola film Jack. She starred in the racially charged 1999 Disney film Selma Lord Selma. In 2000 she co-starred with Sharon Stone and Billy Connelly in the comedy film Beautiful Joe. 2001 would find Jurnee co-starring as daughter to another popular actress, Angela Bassett, in the film Ruby\'s Bucket of Blood. Smollett co-starred with actors Bow Wow and Brandon T Jackson in the 2005 skater movie Roll Bounce. In 2006 she joined the film Gridiron Gang. In 2007 actor/director Denzel Washington cast Smollett in The Great Debaters. As of September 2010, she is co-stars with Jim Belushi and Jerry O\'Connell in the CBS legal drama The Defenders. She has been active in HIV/AIDS causes since she was eleven. She spoke at the Ryan White Youth Conference, and elsewhere, on this issue. Smollett is on the Board of Directors of Artists for a New South Africa, dedicated to dealing with HIV/AIDS in Africa. On October 24, 2010, Jurnee married musician Josiah Bell.', 'foto-Jurnee-Smollett-Bell.jpg', 10),
(45, 'Riwayat Perfilman', 'Wanita', 'Rosie Perez', '1964-09-06', 55, 'Rosa María \"Rosie\" Pérez (born September 6, 1964) is a Puerto Rican American actress, dancer, choreographer, director and community activist.\r\n\r\nDescription above from the Wikipedia article Rosie Perez, licensed under CC-BY-SA, full list of contributors on Wikipedia.\r\n', 'foto-Rosie-Perez.jpg', 10),
(46, 'Riwayat Perfilman', 'Pria', 'Bruce Willis', '1955-03-19', 65, 'An American actor and producer. His career began in television in the 1980s and has continued both in television and film since, including comedic, dramatic, and action roles. He is well known for the role of John McClane in the Die Hard series. Willis was born in Idar-Oberstein, West Germany, the son of a Kassel-born German, Marlene, who worked in a bank, and David Willis, an American soldier. Willis is the eldest of four children. At the premiere for the film Stakeout, Willis met actress Demi Moore. They married on November 21, 1987 and had three daughters before the couple divorced on October 18, 2000. Since the divorce he has dated models Maria Bravo Rosado and Emily Sandberg; he was engaged to Brooke Burns until they broke up in 2004 after ten months together. He married Emma Heming on March 21, 2009.', 'foto-Bruce-Willis.jpg', 11),
(47, 'Riwayat Perfilman', 'Pria', 'Chad Michael Murray', '1981-08-24', 38, 'Chad Michael Murray is an American actor. Murray is well-known for portraying Lucas Scott on One Tree Hill, in addition to A Cinderella Story, Freaky Friday and House of Wax.', 'foto-Chad-Michael-Murray.jpg', 11),
(48, 'Riwayat Perfilman', 'Wanita', 'Lydia Hull', '0000-00-00', 0, 'Kami belum memiliki biografi tentang Lydia Hull.', 'foto-Lydia-Hull.jpg', 11),
(49, 'Riwayat Perfilman', 'Pria', 'Tyler Jon Olson', '0000-00-00', 0, 'Kami belum memiliki biografi tentang Tyler Jon Olson.', 'foto-Tyler-Jon-Olson.jpg', 11),
(50, 'Riwayat Perfilman', 'Pria', 'Shea Buckner', '0000-00-00', 0, 'Kami belum memiliki biografi tentang Shea Buckner.', 'foto-Shea-Buckner.jpg', 11),
(51, 'Riwayat Perfilman', 'Pria', 'Tom Holland', '1996-06-01', 24, 'Thomas \"Tom\" Stanley Holland is an English actor and dancer. He is best known for playing the title role in Billy Elliot the Musical at the Victoria Palace Theatre, London, as well as for starring in the 2012 film The Impossible. In 2015, Holland was cast as Peter Parker / Spider-Man in the Marvel Cinematic Universe and has appeared as the character in five films: Captain America: Civil War (2016), Spider-Man: Homecoming (2017), Avengers: Infinity War (2018), Avengers: Endgame (2019), and Spider-Man: Far From Home (2019).\r\n\r\nA graduate of the BRIT School in London, Holland previously appeared on stage in the title role of Billy Elliot the Musical in London\'s West End in 2008, and his other films include In the Heart of the Sea (2015), and The Current War (2017). In 2017, Holland received the BAFTA Rising Star Award.\r\n', 'foto-Tom-Holland.jpg', 12),
(52, 'Riwayat Perfilman', 'Pria', 'Chris Pratt', '1979-06-21', 40, 'Christopher Michael \"Chris\" Pratt (born June 21, 1979) is an American actor, best known for his roles as Harold Brighton \"Bright\" Abbott in the television series Everwood, the recurring character Winchester \"Ché\" Cook in season 4 of The OC, and Andy Dwyer in the television series Parks and Recreation.', 'foto-Chris-Pratt.jpg', 12),
(53, 'Riwayat Perfilman', 'Wanita', 'Julia Louis-Dreyfus', '1961-01-13', 59, 'Julia Scarlett Elizabeth Louis-Dreyfus (born January 13, 1961, height 5\' 3\" (1,60 m)) is an American actress and comedian, widely known for her sitcom roles in Seinfeld and The New Adventures of Old Christine.\r\n\r\nShe rose to prominence as one of the regular cast members of Saturday Night Live in the early 1980s. She was later cast in the role of Elaine Benes on the NBC sitcom Seinfeld. Her performance over nine seasons earned her an Emmy Award, a Golden Globe Award and five Screen Actors Guild Awards. In 2002, she and her husband developed the series Watching Ellie, which achieved limited success. In 2006 she tried her luck again with a new sitcom and subsequently earned her second Emmy Award as Christine Campbell in the sitcom The New Adventures of Old Christine, which lasted for five seasons on CBS. In May 2010, Louis-Dreyfus received a star on the Hollywood Walk of Fame for her contribution to the broadcast television industry.\r\n\r\nDescription above from the Wikipedia article Julia Louis-Dreyfus, licensed under CC-BY-SA, full list of contributors on Wikipedia\r\n', 'foto-Julia-Louis-Dreyfus.jpg', 12),
(54, 'Riwayat Perfilman', 'Wanita', 'Octavia Spencer', '1972-05-25', 48, 'Octavia Lenora Spencer is an American actress, author, and producer. She is the recipient of several accolades, including an Academy Award, a British Academy Film Award, a Golden Globe Award, and three Screen Actors Guild Awards. She is one of two black actresses to have received three Academy Award nominations, the first black actress to receive two consecutive Academy Award nominations in back-to-back years, and the first black actress to receive an Academy Award nomination after previously winning.', 'foto-Octavia-Spencer.jpg', 12),
(55, 'Riwayat Perfilman', 'Pria', 'Mel Rodriguez', '1973-06-12', 46, 'Robert Michael Morris is an American actor. He is known for his co-starring role as Mickey Deane in the reality television spoof The Comeback and as Mr. Lunt in the short-lived series Running Wilde. Morris became a professional actor relatively late in life, having been a college theatre professor before deciding to relocate to New York City to try acting. \"I moved to New York so I could find out what it was like to be a professional actor because my students were all asking questions and all I had was academic knowledge. I didn\'t have any real professional knowledge.\" Morris won his role on The Comeback at his very first professional audition.\r\n\r\nMorris has had notable guest appearances in such series as Will & Grace and How I Met Your Mother.\r\n\r\nDescription above from the Wikipedia article Robert Michael Morris, licensed under CC-BY-SA, full list of contributors on Wikipedia.\r\n', 'foto-Mel-Rodriguez.jpg', 12),
(56, 'Riwayat Perfilman', 'Pria', 'Song Kang-ho', '1967-01-17', 53, 'Song Kang-ho pertama kali bekerja dalam drama, memasuki rombongan. Dia mulai bekerja di film sebagai aktor pendukung dalam peran kecil. Dia membuat terobosan dalam \'Green Fish\' dalam peran pendukung yang memiliki dampak besar. Tidak. Dia sebenarnya menciptakan sindrom dari perannya, ketika orang mulai meniru aktingnya.', 'foto-Song-Kang-ho.jpg', 13),
(57, 'Riwayat Perfilman', 'Pria', 'Lee Sun-kyun', '1975-03-02', 45, 'Lee Sun-kyun (lahir 2 Maret 1975) adalah aktor Korea Selatan. Setelah memulai karirnya di teater musikal, selama bertahun-tahun Lee didegradasi ke peran-peran kecil dan pendukung di layar, hanya bisa memainkan karakter utama dalam drama satu babak di KBS Drama City dan MBC Best Theatre. Dalam salah satu proyek Teater Terbaik seperti itu, ia bekerja dengan sutradara TV Lee Yoon-jung di Desa Nasional Taereung (2005), yang membuatnya menjadi pemeran dalam seri selanjutnya Prince Coffee pada 2007. Coffee Prince, bersama dengan drama medis White Tower membawa Lee popularitas mainstream, yang ia ikuti dengan Pasta (2010) dan Golden Time (2012).\r\n\r\nSementara itu, di layar lebar, ia menerima penghargaan Aktor Terbaik dari Festival Film Internasional Las Palmas de Gran Canaria untuk perannya di Paju (2009), diikuti oleh pujian kritis untuk thriller misteri Helpless (2012), komedi romantis All About My Wife (2012), dan kejahatan / komedi hitam A Hard Day (2014). Lee juga terus berkolaborasi dengan auteur Hong Sang-soo, dan film-film arthouse-nya bersama Hong termasuk Night and Day (2008), Oki\'s Movie (2010), dan Nobody\'s Daughter Haewon (2013).\r\n', 'foto-Lee-Sun-kyun.jpg', 13),
(58, 'Riwayat Perfilman', 'Wanita', 'Cho Yeo-jeong', '1981-02-10', 39, 'Cho Yeo-jeong adalah seorang aktris Korea Selatan. Dilahirkan pada 10 Februari 1981, ia memulai karirnya sebagai model pada tahun 1997 pada usia 16 dan meluncurkan karir aktingnya dua tahun kemudian. Dia terkenal karena perannya dalam film periode provokatif \"The Servant\" (2010) dan \"The Concubine\" (2012) dan drama televisi \"I Need Romance\" (2011), \"Haeundae Lovers\" (2012), \"Divorce Lawyer in Love” (2015) dan “Perfect Wife” (2017).', 'foto-Cho-Yeo-jeong.jpg', 13),
(59, 'Riwayat Perfilman', 'Wanita', 'Luisana Lopilato', '1987-05-18', 33, 'Kami belum memiliki biografi tentang Luisana Lopilato.', 'foto-Luisana-Lopilato.jpg', 14),
(60, 'Riwayat Perfilman', 'Pria', 'Joaquín Furriel', '1974-08-26', 45, 'Kami belum memiliki biografi tentang Joaquín Furriel.', 'foto-Joaquín-Furriel.jpg', 14),
(61, 'Riwayat Perfilman', 'Pria', 'Rafael Ferro', '1965-12-06', 54, 'Kami belum memiliki biografi tentang Rafael Ferro.', 'foto-Rafael-Ferro.jpg', 14);
INSERT INTO `aktor` (`id_aktor`, `peran`, `jenis_kl`, `nama`, `tgl_lahir`, `umur`, `biografu`, `foto`, `id_film`) VALUES
(62, 'Riwayat Perfilman', 'Pria', 'George MacKay', '1992-03-13', 28, 'George MacKay (lahir 13 Maret 1992) adalah aktor Inggris. Pekerjaan akting pertamanya adalah Peter Pan pada usia 10 dan sejak itu ia terus berakting. George terkenal karena perannya dalam \'Sunshine on Leith,\' Untuk Mereka dalam Peril \',\' Pride \',\' Captain Fantastic \'dan pemenang gambar terbaik Golden Globe dan Bafta\' 1917 \'. Pekerjaan panggungnya sama-sama mengesankan; dia telah di \'Ah, Wilderness\' di Young Vic dan \'The Caretaker\' dengan Timothy Spall dan Daniel Mays di Old Vic Theatre.', 'foto-George-MacKay.jpg', 15),
(63, 'Riwayat Perfilman', 'Pria', 'Dean-Charles Chapman', '1997-09-07', 22, 'Kami belum memiliki biografi tentang Dean-Charles Chapman.', 'foto-Dean-Charles-Chapman.jpg', 15),
(64, 'Riwayat Perfilman', 'Pria', 'Mark Strong', '1963-08-05', 56, 'Seorang aktor Inggris, yang memerankan Jim Prideaux dalam remake 2011 dari Tinker Tailor Soldier Spy (2011), sering dilemparkan sebagai penjahat yang dingin dan penuh perhitungan. Tetapi sebelum dia menjadi aktor terkenal, dia bermaksud mengejar karir di bidang hukum. Strong dilahirkan sebagai Marco Giuseppe Salussolia pada 30 Agustus 1963 di London, Inggris, dari seorang ibu Austria dan seorang ayah Italia. Ayahnya meninggalkan keluarga tidak lama setelah dia lahir, dan ibunya bekerja sebagai au pair untuk membesarkan anak itu sendirian. Ibu Strong mengubah namanya secara hukum ketika dia masih muda untuk membantunya berasimilasi dengan teman-temannya. Meskipun orang Amerika paling akrab dengan peran Strong sebagai Sinestro di Green Lantern (2011), bos mafia Frank D\'Amico di Kick-Ass (2010), dan Lord Blackthorn di Sherlock Holmes (2009), penonton Inggris mengenalnya dari sejarah panjang sebagai seorang aktor televisi. Dia juga membintangi banyak produksi panggung Inggris, termasuk bermain di Royal National Theatre dan RSC. Bagian-bagian televisinya yang paling menonjol termasuk Prime Suspect 3 (1993) (TV) dan Prime Suspect 6: The Last Witness (2003) (TV) sebagai Inspektur Larry Hall, dan membintangi peran dalam drama BBC Two \"Our Friends in the North\" (BBC Friends) 1996) dan \"The Long Firm\" (2004), yang terakhir menjaring Strong sebagai nominasi BAFTA. Dia juga berperan sebagai Tuan Knightley dalam adaptasi 1996 dari kisah klasik Jane Austen, Emma (1996) (TV). Strong tinggal di London bersama istrinya Liza Marshall, dengan siapa dia memiliki dua putra, yang lebih muda adalah putra baptis teman lamanya Daniel Craig.', 'foto-Mark-Strong.jpg', 15),
(65, 'Riwayat Perfilman', 'Pria', 'Harrison Ford', '1942-07-13', 77, 'Ikon Hollywood Legendaris Harrison Ford lahir pada 13 Juli 1942 di Chicago, Illinois. Sejarah keluarganya termasuk garis keturunan yang kuat dari aktor, tokoh radio, dan model. Harrison bersekolah di sekolah menengah negeri di Park Ridge, Illinois di mana ia menjadi anggota sekolah Stasiun Radio WMTH. Harrison bekerja sebagai suara utama untuk pelaporan olahraga di WMTH selama beberapa tahun. Akting bukan minat utama bagi Ford sampai tahun pertamanya di Ripon College ketika ia pertama kali mengambil kelas akting. Karier Harrison Ford dimulai pada tahun 1964 ketika ia melakukan perjalanan ke California untuk mencari pekerjaan pengisi suara. Dia tidak pernah menerima posisi itu, tetapi malah menandatangani kontrak dengan Columbia Pictures di mana dia mendapatkan $ 150 setiap minggu untuk memainkan peran kecil dalam berbagai film. Melalui 60-an Harrison bekerja di beberapa acara TV termasuk Gunsmoke, Ironside, Kung Fu, dan American Style. Baru pada tahun 1967 Harrison menerima peran pertama yang dikreditkan dalam film Barat, A Time for Killing. Tidak puas dengan perannya yang kecil yang ditawarkan, Ford mengambil jeda dari bertindak untuk bekerja sebagai tukang kayu wiraswasta. Pengalihan yang tampaknya aneh ini ternyata menjadi berkah tersembunyi bagi karier akting Harrison ketika ia segera disewa oleh produser film terkenal George Lucas. Ini adalah titik balik dalam kehidupan Harrison yang membawanya ke peran penting seperti Hans Solo dan Indiana Jones. Sejak perannya yang paling terkenal di Star Wars Trilogy dan Raiders of the Lost Ark, Harrison Ford telah membintangi lebih dari 40 film. Banyak yang mengkritik karyanya yang baru-baru ini, mengatakan bahwa penampilannya kurang bersemangat yang mengarah ke film-film yang mengecewakan secara komersial. Harrison selalu bekerja keras untuk melindungi kehidupan pribadinya di luar layar, menjaga detail tentang anak-anak dan pernikahannya dengan baik. Dia memiliki total lima anak termasuk satu adopsi baru-baru ini dengan istri ketiga dan sekarang Calista Flockhart. Selain akting Harrison Ford bersemangat tentang pelestarian lingkungan, penerbangan, dan arkeologi.', 'foto-Harrison-Ford.jpg', 16),
(66, 'Riwayat Perfilman', 'Pria', 'Dan Stevens', '1982-10-10', 37, 'Daniel Jonathan \"Dan\" Stevens (lahir 10 Oktober 1982) adalah aktor Inggris. Dia terkenal karena perannya sebagai Matthew Crawley dalam serial drama periode ITV Downton Abbey, sebagai \"David\" dalam film thriller The Guest, Sir Lancelot di Night at the Museum: Secret of the Tomb, dan sebagai The Beast / Prince in Adaptasi aksi langsung Walt Disney, Beauty and the Beast. Dia saat ini berperan sebagai David Haller di seri FX Legion.', 'foto-Dan-Stevens.jpg', 16),
(67, 'Riwayat Perfilman', 'Pria', 'Colin Woodell', '1991-12-21', 28, 'Colin Woodell adalah aktor Amerika yang lahir pada 20 Desember 1991 di San Francisco, California. Dia dikenal karena bermain Ethan Sinclair di Devious Maids dan Aiden di The Originals.', 'foto-Colin-Woodell.jpg', 16),
(71, 'Riwayat Perfilman', 'Pria', 'Will Smith', '1968-09-25', 51, 'Willard Christopher \"Will\" Smith, Jr (lahir 25 September 1968) adalah seorang aktor, produser film dan penyanyi pop Amerika. Dia telah menikmati kesuksesan dalam musik, televisi, dan film. Pada April 2007, Newsweek memanggilnya aktor paling kuat di planet ini. Smith telah dinominasikan untuk empat Golden Globe Awards, dua Academy Awards, dan telah memenangkan beberapa Grammy Awards.\r\n\r\nPada akhir 1980-an, Smith mencapai ketenaran sederhana sebagai rapper dengan nama The Fresh Prince. Pada tahun 1990, popularitasnya meningkat secara dramatis ketika ia membintangi serial televisi populer The Fresh Prince of Bel-Air. Acara ini berlangsung selama hampir enam tahun (1990-1996) di NBC dan telah disindikasi secara konsisten di berbagai jaringan sejak saat itu.\r\n\r\nPada pertengahan 1990-an, Smith beralih dari televisi ke film, dan akhirnya membintangi banyak film blockbuster yang menerima kesuksesan box office yang luas. Faktanya, ia adalah satu-satunya aktor dalam sejarah yang memiliki delapan film berturut-turut dengan penghasilan kotor lebih dari $ 100 juta di box office domestik dan juga menjadi satu-satunya aktor yang memiliki delapan film berturut-turut di mana ia membintangi pembukaan di tempat # 1 di kotak domestik perhitungan kantor. Empat belas dari 19 film fiksi yang dia mainkan telah mengakumulasi pendapatan kotor di seluruh dunia lebih dari $ 100 juta, dan 4 di antaranya mengambil lebih dari $ 500 juta dalam penerimaan box office global. Film-filmnya yang paling sukses secara finansial adalah Bad Boys, Bad Boys II, Independence Day, Men in Black, Men in Black II, I, Robot, The Pursuit of Happyness, I Am Legend, Hancock, Wild Wild West, Enemy of the State, Shark Tale, Hitch, dan Seven Pounds. Dia juga mendapatkan pujian kritis untuk penampilannya dalam Six Degrees of Separation, Ali, dan The Pursuit of Happyness, menerima nominasi Aktor Terbaik Oscar untuk dua yang terakhir.', 'foto-Will-Smith.jpg', 17),
(72, 'Riwayat Perfilman', 'Pria', 'Mena Massoud', '1991-09-17', 28, 'Mena Massoud adalah aktor Koptik Mesir-Kanada. Ia dilahirkan dari orang tua Koptik di Mesir dan dibesarkan di Kanada. Pada Juli 2017, ia berperan untuk memainkan Aladdin dalam pembuatan ulang live-action Disney untuk Aladdin. Massoud lahir di Kairo, Mesir dari orang tua Kristen Ortodoks Koptik Mesir. Ia memiliki dua kakak perempuan. Ketika dia muda dia beremigrasi ke Kanada. Ia dibesarkan di Markham, Ontario, tempat ia bersekolah di SMA Katolik St. Brother André. Dia adalah vegan dan pendiri acara perjalanan makanan nabati Evolving Vegan.', 'foto-Mena-Massoud.jpg', 17),
(73, 'Riwayat Perfilman', 'Wanita', 'Naomi Scott', '1993-05-06', 27, 'Naomi Grace Scott (lahir 6 Mei 1993) adalah seorang aktris dan penyanyi Inggris. Ibunya, Usha Scott (née Joshi), adalah keturunan India Gujarat dari Uganda, dan ayahnya, Christopher Scott, adalah orang Inggris.', 'foto-Naomi-Scott.jpg', 17),
(74, 'Riwayat Perfilman', 'Pria', 'Chris Hemsworth', '1983-08-11', 36, 'Chris Hemsworth (lahir 11 Agustus 1983) adalah aktor Australia. Ia terkenal karena perannya sebagai Kim Hyde dalam serial TV Australia Home and Away (2004) dan sebagai Thor dalam film Marvel Cinematic Universe Thor (2011), The Avengers (2012), Thor: The Dark World (2013) dan Avengers: Age of Ultron (2015). Dia juga muncul dalam film aksi fiksi ilmiah Star Trek (2009), petualangan thriller A Perfect Getaway (2009), film komedi horor The Cabin in the Woods (2012), film aksi fantasi gelap Snow White and the Huntsman (2012) ), film perang Red Dawn (2012) dan film drama olahraga biografi Rush (2013).\r\n\r\nDeskripsi di atas dari artikel Wikipedia Chris Hemsworth, dilisensikan di bawah CC-BY-SA, daftar lengkap kontributor di Wikipedia.', 'foto-Chris-Hemsworth.jpg', 18),
(75, 'Riwayat Perfilman', 'Pria', 'Rudhraksh Jaiswal', '2003-09-19', 16, 'Rudhraksh Jaiswal adalah seorang bocah lelaki dan berbudaya yang memulai karirnya di tahun 2013, saat ia mengantongi peran Sahadeva dalam magnum opus Mahabharta. Pada usia yang sangat muda, orang tuanya mengenali dan mengakui hasratnya yang penuh semangat untuk menari dan berakting. Menjadi seorang siswa Sekolah Internasional Billabong, Mumbai, Rudhraksh selalu sangat rajin dan berdedikasi terhadap profesinya. Dia telah menjaga keseimbangan yang bersih antara studinya dan komitmen aktingnya. Memainkan peran Sahadeva, yang termuda di antara kelima Pandawa, perannya menuntutnya untuk menjadi pria yang nakal namun nakal. Selain itu, melakukan keadilan untuk peran ini, Rudhraksh adalah bagian dari beberapa pertunjukan yang dilakukan di Akademi Tari Shiamak Davar. Memperluas perjalanan multi-faceted dan luar biasa, Rudhraksh melangkah ke dunia film, dengan film-film seperti Noor (2017), The Tenant ditambahkan ke dalam kitty-nya. Dia telah bekerja dengan beberapa artis dan dianggap sebagai aktor yang sangat baik.', 'foto-Rudhraksh-Jaiswal.jpg', 18),
(76, 'Riwayat Perfilman', 'Pria', 'Randeep Hooda', '1976-08-20', 43, 'Randeep Hooda adalah aktor film India yang muncul dalam film berbahasa Hindi. Hooda lahir di Rohtak, Haryana; ia belajar di Sekolah Motilal Nehru di Sonepat, di mana ia mulai bertindak dalam produksi sekolah. Dia kemudian mengejar gelar pascasarjana dalam manajemen sumber daya manusia di Melbourne, Australia, dan sekembalinya ke India mulai menjadi model dan bertindak dalam produksi panggung.', 'foto-Randeep-Hooda.jpg', 18),
(77, 'Riwayat Perfilman', 'Wanita', 'Issa Rae', '1985-01-12', 35, 'Jo-Issa Rae Diop, yang dikenal sebagai Issa Rae, adalah seorang aktris, penulis, sutradara, produser, dan pembuat web seri Amerika. Dia pertama kali menarik perhatian untuk karyanya di serial web YouTube Awkward Black Girl.', 'foto-Issa-Rae.jpg', 19),
(78, 'Riwayat Perfilman', 'Pria', 'Kumail Nanjiani', '1978-02-21', 42, 'Kumail Nanjiani (lahir 21 Februari 1978) adalah seorang komedian stand-up Pakistan-Amerika, aktor film dan televisi, dan pembawa podcast, yang dikenal sebagai anggota pemeran utama dari serial televisi \"Silicon Valley\", serta untuk menyediakan suara dari Prismo pada serial animasi \"Adventure Time\". Dia juga menjadi pembawa acara Comedy Central \"The Meltdown with Jonah and Kumail\", dan dua podcast: \"The Indoor Kids\" dan \"The X-Files Files\". Pada 2017, Nanjiani membintangi \"The Big Sick\", sebuah film semi-otobiografi yang ia tulis bersama istrinya Emily V. Gordon, secara longgar berdasarkan pada hubungan mereka sendiri. Film ini meraih nominasi pasangan untuk Academy Award untuk Skenario Asli Terbaik.', 'foto-Kumail-Nanjiani.jpg', 19),
(79, 'Riwayat Perfilman', 'Pria', 'Paul Sparks', '1971-10-16', 48, 'Paul Sparks adalah aktor Amerika. Dia dikenal karena perannya sebagai Mickey Doyle dalam serial drama periode HBO Boardwalk Empire dan untuk peran yang dinominasikan Primetime Emmy Award sebagai Thomas Yates dalam serial drama politik Netflix House of Cards. Ia juga pernah muncul dalam film Deception (2008), Afterschool (2008), The Missing Person (2008), Mud (2012), Parkland (2013), dan Stealing Cars (2015).', 'foto-Paul-Sparks.jpg', 19),
(80, 'Riwayat Perfilman', 'Wanita', 'Elisabeth Moss', '1982-07-24', 37, 'Elisabeth Singleton Moss (lahir 24 Juli 1982) adalah aktor Amerika. Dia dikenal karena karyanya di beberapa drama televisi, mendapatkan penghargaan seperti dua Primetime Emmy Awards dan dua Golden Globe Awards, yang membuat Vulture menamainya \"Queen of Peak TV\".\r\n\r\nMoss mulai berakting pada awal 1990-an dan pertama kali mendapatkan pengakuan karena bermain Zoey Bartlet, putri bungsu Presiden Josiah Bartlet, dalam serial drama politik NBC The West Wing (1999-2006). Pengakuan yang lebih luas datang untuk memainkan Peggy Olson, seorang sekretaris yang berubah menjadi copywriter, dalam seri drama periode AMC Mad Men (2007-2015). Dia memenangkan Golden Globe Award untuk Aktris Terbaik - Miniseri atau Film Televisi karena berperan sebagai detektif di BBC miniseri Top of the Lake (2013), dan dia memenangkan Primetime Emmy Award untuk Aktris Utama Terbaik dalam Serial Drama dan Serial Drama Seri untuk memproduksi dan membintangi serial drama dystopian Hulu, The Handmaid\'s Tale (2017 – sekarang).\r\n\r\nDalam film, Moss telah muncul dalam Girl, Interrupted (1999), Virgin (2003), Get Him to the Greek (2010), The One I Love (2014), Listen Up Philip (2014), Queen of Earth (2015), The Square (2017), The Seagull (2018), Her Smell (2018), Us (2019), dan The Invisible Man (2020). Karya teaternya termasuk produksi Broadway David Mamet\'s Speed ??the Plough dan The Heidi Chronicles karya Wendy Wasserstein. Untuk yang terakhir, ia menerima nominasi untuk Tony Award untuk Aktris Terbaik dalam Bermain. Dia juga muncul dalam produksi West End The Children\'s Hour karya Lillian Hellman.\r\n\r\nDeskripsi di atas dari artikel Wikipedia Elisabeth Moss, dilisensikan di bawah CC-BY-SA, daftar lengkap kontributor di Wikipedia.', 'foto-Elisabeth-Moss.jpg', 20),
(81, 'Riwayat Perfilman', 'Pria', 'Aldis Hodge', '1986-09-20', 33, 'Aldis Alexander Basil Hodge (lahir 20 September 1986) adalah aktor Amerika yang terkenal karena memerankan Alec Hardison di seri Leverage TNT. Dia juga memerankan MC Ren di film biografi 2015, Straight Outta Compton.\r\n\r\nHodge dilahirkan pada 20 September 1986 di Onslow County, North Carolina. Kedua orang tuanya, Aldis Basil Hodge dan Yolette Evangeline Richardson, bertugas di Korps Marinir AS. Ibu Hodge berasal dari Florida, sedangkan ayahnya berasal dari Dominika. Aldis adalah adik aktor Edwin Hodge.\r\n\r\nHodge memainkan klarinet dan biola sebagai seorang anak, tetapi sebagai orang dewasa, fokusnya adalah pada biola; ia membeli yang pertama pada usia 18 tahun. Selain akting, Hodge merancang jam tangan, menulis, dan melukis.\r\n\r\nPada 2007, Hodge dianugerahi peran Alec Hardison pada hari ulang tahunnya yang kedua puluh satu. Pada tahun 2010, ia menerima nominasi Saturnus Award untuk Aktor Pendukung Terbaik di Televisi untuk peran ini pada Leverage. Kemenangan diberikan kepada Harun Paul dari AMC\'s Breaking Bad.\r\n\r\nDeskripsi di atas dari artikel Wikipedia Aldis Hodge, dilisensikan di bawah CC-BY-SA, daftar lengkap kontributor di Wikipedia.', 'foto-Aldis-Hodge.jpg', 20),
(82, 'Riwayat Perfilman', 'Wanita', 'Storm Reid', '2003-07-01', 16, 'Reid lahir pada 1 Juli 2003, di Atlanta, Georgia dari orangtua Rodney dan Robyn. Dia memiliki saudara lelaki, Josh, dan dua saudara perempuan, Iman dan Paris. Dia membuat debut filmnya di film drama periode 12 Years a Slave (2013), dan menerima pengakuan lebih lanjut untuk peran sebagai Meg Murry dalam film fantasi A Wrinkle in Time (2018) dan sebagai Sydney Lanier dalam film horor The Invisible Man ( 2020).', 'foto-Storm-Reid.jpg', 20),
(83, 'Riwayat Perfilman', 'Pria', 'Scott Adkins', '1976-06-17', 43, 'Seorang aktor dan seniman bela diri Inggris yang mungkin paling dikenal karena bermain Boyka di Undisputed II: Last Man Standing dan Undisputed III: Redemption dan Bradley Hume di Holby City dan Ed Russell di Mile High. Adkins juga muncul di Dangerfield, Hollyoaks, The Tournament dan banyak serial TV lainnya serta banyak film.\r\n\r\nDeskripsi di atas dari artikel Wikipedia Scott Adkins, berlisensi CC-BY-SA, daftar lengkap kontributor di Wikipedia', 'foto-Scott-Adkins.jpg', 21),
(84, 'Riwayat Perfilman', 'Pria', 'Louis Mandylor', '1966-09-13', 53, 'Dari Wikipedia, ensiklopedia gratis.\r\n\r\nLouis Mandylor (lahir 13 September 1966) adalah aktor film dan televisi Australia. Mandylor telah menikmati kesuksesan di acara televisi AS, seperti penampilan tamu terkemuka di Relic Hunter bersama Tia Carrere. Louis mungkin paling terkenal karena perannya dalam film My Big Fat Greek Wedding. Peran utama lainnya termasuk bermain Louis Malone di Martial Law bersama Sammo Hung. Namun, pertunjukan itu hanya berlangsung dua musim, dengan Mandylor dijatuhkan pada akhir musim pertamanya. Mandylor muncul di sitcom Friends, berpura-pura menjadi kembaran Joey di \"The One With Unagi\". Selain itu, ia muncul di musim ketiga CSI: Miami sebagai perampok / pembunuh. Dia dan saudara lelakinya Costas telah bertindak bersama satu sama lain dalam episode Charmed \"Saving Private Leo\" dan sebuah film pendek yang ditulis dan diproduksi oleh Louis berjudul My Brother Cicero. Louis memerankan Deputi Lloyd dalam film thriller Syfy The Cursed, ia dibintangi bersama saudara lelakinya Costas. Salah satu perannya yang lebih populer adalah peran Bobby DeLuca di Suckers klasik-kultus, di mana ia berperan sebagai wiraniaga yang berpaling menjadi salesman mobil.\r\n\r\nDeskripsi di atas dari artikel Wikipedia Louis Mandylor, dilisensikan di bawah CC-BY-SA, daftar lengkap kontributor di Wikipedia.', 'foto-Louis-Mandylor.jpg', 21),
(85, 'Riwayat Perfilman', 'Wanita', 'Mayling Ng', '0000-00-00', 0, 'Mayling Ng adalah Aktris dan Artis Bela Diri, tahu untuk perannya sebagai Svietta dalam \"Lady Bloodfight\" (2016) dan dia juga memainkan Amazon Warrior (Orana) dalam film terbarunya \"Wonder Woman\" (2017). Sebagai pelatih pribadi yang sangat dicari-cari, dia telah melakukan perjalanan ke seluruh Asia dengan perusahaan kebugarannya. Sekarang dia menggunakan pengetahuan ini dikombinasikan dengan senjata yang luas dan pelatihan seni bela diri untuk menciptakan karakter yang tak terlupakan seperti Svietta, pembunuh psikopat Rusia di Lady Bloodfight (2016).\r\n\r\nDia juga menghadiri Kompetisi Miss Singapore Bikini dengan sukses besar. Ia dilahirkan di Inggris, tumbuh di Kepulauan Canary, Spanyol, dan kemudian pindah ke Asia.\r\n', 'foto-Mayling-Ng.jpg', 21),
(86, 'Riwayat Perfilman', 'Pria', 'Robert Downey Jr.', '1965-04-04', 55, 'Robert John Downey Jr. (lahir 4 April 1965) adalah aktor dan produser Amerika. Downey membuat debut layarnya pada tahun 1970, pada usia lima tahun, ketika ia muncul dalam film ayahnya Pound, dan telah bekerja secara konsisten dalam film dan televisi sejak itu. Dia menerima dua nominasi Academy Award untuk perannya dalam film Chaplin (1992) dan Tropic Thunder (2008).', 'foto-Robert-Downey-Jr..jpg', 22),
(87, 'Riwayat Perfilman', 'Pria', 'Antonio Banderas', '1960-08-10', 59, 'José Antonio Domínguez Bandera (lahir 10 Agustus 1960), yang dikenal secara profesional sebagai Antonio Banderas, adalah aktor, produser, sutradara, dan penyanyi Spanyol. Dia memulai karir aktingnya pada usia 19 dengan serangkaian film oleh sutradara Pedro Almodóvar dan kemudian muncul di film-film Hollywood terkenal, terutama pada 1990-an, termasuk Assassins, Evita, Wawancara dengan Vampir, Philadelphia, Desperado, The Mask of Zorro , Spy Kids, sekuel Shrek dan Puss in Boots.', 'foto-Antonio-Banderas.jpg', 22),
(88, 'Riwayat Perfilman', 'Pria', 'Michael Sheen', '1969-02-05', 51, 'Michael Sheen (lahir 5 Februari 1969) adalah aktor film Welsh, televisi, dan panggung. Setelah bekerja dengan penulis skenario Peter Morgan pada lima film, Sheen menjadi terkenal karena penggambaran tokoh-tokoh publik terkenal: Tony Blair dalam \"The Deal\", \"The Queen\" dan \"The Special Relationship\", David Frost dalam produksi panggung dan versi film \"Frost / Nixon\", dan Brian Clough dalam \"The Damned United\". Dia juga memainkan Lycan Lucian di ketiga film \"Underworld\", vampir Aro dalam \"The Twilight Saga: New Moon\", dan yang lebih baru, peran Castor dalam \"Tron: Legacy\".', 'foto-Michael-Sheen.jpg', 22),
(89, 'Riwayat Perfilman', 'Pria', 'Matt Ryan', '1981-08-09', 38, 'Matt Ryan (lahir 11 April 1981) adalah aktor asal Wales dari Swansea. Dia dikenal karena menyuarakan Edward Kenway dalam video game Ubisoft Assassin\'s Creed IV: Black Flag, dan memerankan John Constantine di Constantine, CW berbagi televisi Arrowverse, menyuarakan karakter dalam film Justice League Dark 2017 dan serial web CW Seed Constantine.\r\n\r\nDeskripsi di atas dari artikel Wikipedia Matt Ryan (aktor), dilisensikan di bawah CC-BY-SA, daftar lengkap kontributor di Wikipedia.', 'foto-Matt-Ryan.jpg', 23),
(90, 'Riwayat Perfilman', 'Pria', 'Jerry O\'Connell', '1974-02-17', 46, 'Jerry O\'Connell (lahir 17 Februari 1974) adalah aktor Amerika, yang terkenal karena perannya dalam serial TV Sliders and Crossing Jordan sebagai film Stand by Me dan Kangaroo Jack.', 'foto-Jerry-O\'Connell.jpg', 23),
(91, 'Riwayat Perfilman', 'Wanita', 'Taissa Farmiga', '1994-08-17', 25, 'Taissa Farmiga (lahir 17 Agustus 1994) adalah seorang aktris Amerika. Dia memulai karirnya di film di drama Higher Ground (2011), dan kemudian membuat debut televisi di seri FX American Horror Story: Murder House (2011). Farmiga melakukan debut panggungnya dalam kebangkitan kembali drama drama Buried Child (2016). Dia adalah adik perempuan aktris, Vera Farmiga.', 'foto-Taissa-Farmiga.jpg', 23),
(92, 'Riwayat Perfilman', 'Pria', 'Dwayne Johnson', '1972-05-02', 48, 'Aktor Amerika dan Kanada, produser dan pegulat profesional semi-pensiunan, ditandatangani oleh WWE. Johnson setengah hitam dan setengah Samoa. Ayahnya, Rocky Johnson, adalah orang Kanada berkulit hitam, dari Nova Scotia, dan bagian dari juara tim tag hitam pertama dalam sejarah WWE ketika dikenal sebagai WWF bersama dengan Tony Atlas. Ibunya adalah Samoa dan putri Peter Maivia, yang juga pegulat pro. Istri Maivia, Lia Maivia, adalah salah satu dari sedikit promotor perempuan gulat, yang mengambil alih Polinesia Pacific Pro Wrestling setelah kematian suaminya pada tahun 1982, hingga 1988. Melalui ibunya, ia dianggap kerabat tidak berdarah dari keluarga gulat Anoa\'i. Pada 29 Maret 2008, The Rock melantik ayah dan kakeknya ke WWE Hall of Fame.\r\n\r\nPada 2014, Johnson memiliki rumah di Southwest Ranches, Florida, serta Los Angeles, California. Dia juga memiliki sebuah peternakan di Virginia. Pada 2009, Johnson memperoleh kewarganegaraan di Kanada untuk menghormati latar belakang ayahnya. Meskipun Johnson sebelumnya terdaftar sebagai anggota Partai Republik, ia memilih Barack Obama dalam pemilihan presiden Amerika Serikat tahun 2008 dan 2012 dan sekarang menjadi pemilih independen. Dia menyatakan bahwa dia tidak memberikan suara dalam pemilihan umum A.S. 2016.\r\n\r\nSebagai pengakuan atas pengabdiannya kepada orang-orang Samoa, dan karena ia adalah keturunan kepala suku Samoa, Johnson memiliki gelar bangsawan Seiuli yang dianugerahkan kepadanya oleh Malietoa Tanumafili II selama kunjungannya di sana pada Juli 2004. Ia menerima sebagian pe\'a Samoa tato di sisi kirinya pada tahun 2003, dan, pada tahun 2017, memiliki tato \"Brahma banteng\" kecil di lengan kanannya ditutupi dengan tato setengah lengan tengkorak banteng yang lebih besar.\r\n\r\nJohnson menikahi Dany Garcia pada 3 Mei 1997. Satu-satunya anak mereka bersama, seorang putri bernama Simone, lahir pada Agustus 2001. Pada 1 Juni 2007, mereka mengumumkan bahwa mereka berpisah secara damai. Johnson kemudian mulai berkencan dengan Lauren Hashian, putri drummer Boston Sib Hashian. Mereka pertama kali bertemu pada 2006 ketika Johnson sedang syuting The Game Plan. Anak pertama mereka bersama, seorang putri, lahir pada bulan Desember 2015. Anak kedua mereka, seorang putri lainnya, lahir pada bulan April 2018.\r\n\r\nJohnson menghadiri Konvensi Nasional Demokrat tahun 2000 sebagai bagian dari kampanye \"Smackdown Your Vote\" non-partisan WWE, yang bertujuan untuk mempengaruhi kaum muda untuk memilih. Dia juga memiliki peran berbicara di Konvensi Nasional Republik 2000 di tahun yang sama.\r\n\r\nPada 2006, Johnson mendirikan Dwayne Johnson Rock Foundation, sebuah badan amal yang bekerja dengan anak-anak yang berisiko dan sakit parah. Pada tanggal 2 Oktober 2007, ia dan mantan istrinya menyumbangkan $ 1 juta untuk Universitas Miami untuk mendukung renovasi fasilitas sepak bola; itu dicatat sebagai sumbangan terbesar yang pernah diberikan kepada departemen atletik universitas oleh mantan mahasiswa. University of Miami mengganti nama ruang ganti Hurricanes untuk menghormati Johnson. Pada 2015, Johnson menyumbangkan $ 1.500 ke GoFundMe untuk membayar operasi anjing yang ditinggalkan. Pada 2017, ia menyumbangkan $ 25.000 untuk upaya bantuan Hurricane Harvey. Pada 2018, Johnson menyumbangkan gym ke pangkalan militer di Oahu, Hawaii. Setelah banjir Hawaii tahun 2018, ia bekerja dengan Malama Kauai, sebuah organisasi nirlaba, untuk membantu memperbaiki kerusakan yang disebabkan oleh banjir.', 'foto-Dwayne-Johnson.jpg', 24),
(93, 'Riwayat Perfilman', 'Pria', 'Kevin Hart', '1979-07-06', 40, 'Kevin Darnell Hart (lahir 6 Juli 1979) adalah seorang komedian, aktor, dan produser Amerika. Dilahirkan dan dibesarkan di Philadelphia, Pennsylvania, Hart memulai karirnya dengan memenangkan beberapa kompetisi komedi amatir di klub-klub di seluruh New England, yang berpuncak pada jeda pertamanya pada tahun 2001 ketika ia dilemparkan oleh Judd Apatow untuk peran yang berulang pada serial TV Undeclared. Serial ini hanya berlangsung satu musim, tetapi ia segera mendapatkan peran lain dalam film seperti Paper Soldiers (2002), Scary Movie 3 (2003), Soul Plane (2004), In the Mix (2005), dan Little Fockers (2010).\r\n\r\nReputasi komedi Hart terus tumbuh dengan merilis album pertamanya, I\'m a Grown Little Man (2008), dan penampilan dalam film Think Like a Man (2012), Grudge Match (2013), Ride Along ( 2014) dan sekuelnya Ride Along 2 (2016), About Last Night (2014), Get Hard (2015), Central Intelligence (2016), The Secret Life of Pets (2016), Kapten Celana: The First Epic Movie (2017) , Jumanji: Welcome to the Jungle (2017), dan Night School (2018).\r\n\r\nDia juga merilis empat album komedi lagi, Seriously Funny pada 2010, Laugh at My Pain pada 2011, Let Me Explain pada 2013, dan What Now? pada 2016. Pada 2015, Majalah Time menyebut Hart sebagai salah satu dari 100 orang paling berpengaruh di dunia dalam daftar tahunan Time 100. Dia membintangi dirinya sebagai peran utama Real Husbands of Hollywood.', 'foto-Kevin-Hart.jpg', 24),
(94, 'Riwayat Perfilman', 'Pria', 'Jack Black', '1969-08-28', 50, 'Pelawak, aktor, dan musisi Amerika. Dia membuat setengah dari duo komedi dan satir rock Tenacious D. Kelompok ini memiliki dua album serta serial televisi dan film. Karier aktingnya luas, terutama dibintangi sebagai orang luar yang kikuk, sombong, tetapi secara internal sadar diri dalam film komedi. Dia adalah anggota Frat Pack, sekelompok komedian yang telah muncul bersama di beberapa film Hollywood, dan telah dinominasikan untuk penghargaan Golden Globe. Dia juga memenangkan MTV Movie Award, dan Nickelodeon Kids Choice Award.\r\n\r\nDeskripsi di atas dari artikel Wikipedia Jack Black, dilisensikan di bawah CC-BY-SA, daftar lengkap kontributor di Wikipedia.', 'foto-Jack-Black.jpg', 24),
(95, 'Riwayat Perfilman', 'Wanita', 'Brie Larson', '1989-10-01', 30, 'Aktris, sutradara, dan penyanyi Amerika. Larson dididik di rumah sebelum dia belajar akting di American Conservatory Theatre. Dia memulai karir aktingnya di televisi, muncul sebagai biasa di sitkom tahun 2001 Raising Dad, yang mana dia dinominasikan untuk Young Artist Award.\r\n\r\nSebagai seorang remaja, Larson memiliki peran singkat dalam film-film 2004 13 Going on 30 dan Sleepover. Penampilannya dalam film komedi Hoot (2006) dipuji, dan ia kemudian memainkan peran pendukung dalam film Greenberg (2010), Scott Pilgrim vs. the World (2010), 21 Jump Street (2012), dan Don Jon (2013) . Dari 2009 hingga 2011, Larson tampil sebagai remaja pemberontak di serial televisi United States of Tara.\r\n\r\nPeran terobosan Larson datang dengan drama independen Short Term 12 (2013), di mana ia menerima pujian kritis. Kesuksesan lebih lanjut datang pada tahun 2015 ketika dia membintangi Room, sebuah drama terkenal berdasarkan novel Emma Donoghue dengan nama yang sama. Dia memenangkan beberapa penghargaan atas perannya sebagai seorang ibu yang menculik korban penculikan dalam film tersebut, termasuk Academy Award, BAFTA Award, Critic\'s Choice Award, Golden Globe Award, Screen Actors Guild Award dan Kanada Screen Award untuk Aktris Terbaik. Pada 2017, ia membintangi sebagai seorang fotografer perang dalam film petualangan Kong: Skull Island, rilis terlarisnya.', 'foto-Brie-Larson.jpg', 25),
(96, 'Riwayat Perfilman', 'Pria', 'Samuel L. Jackson', '1948-12-21', 71, 'Seorang aktor dan produser film dan televisi Amerika. Setelah Jackson terlibat dengan Gerakan Hak-Hak Sipil, ia pindah ke dunia akting di teater di Morehouse College, dan kemudian membuat film. Dia memiliki beberapa peran kecil seperti dalam film Goodfellas, Def by Temptation, sebelum bertemu mentornya, Morgan Freeman, dan sutradara Spike Lee. Setelah mendapatkan pujian kritis untuk perannya dalam Jungle Fever pada tahun 1991, ia muncul dalam film-film seperti Patriot Games, Amos & Andrew, True Romance dan Jurassic Park. Pada tahun 1994 ia berperan sebagai Jules Winnfield dalam Pulp Fiction, dan kinerjanya menerima beberapa nominasi penghargaan dan pujian kritis.\r\n\r\nJackson telah muncul di lebih dari 100 film termasuk Die Hard dengan Vengeance, The 51st State, Jackie Brown, Unbreakable, The Incredibles, Black Snake Moan, Shaft, Snakes on Plane, serta trilogi prekuel Star Wars dan peran kecil dalam Kill Bill dari Quentin Tarantino Vol. 2 dan Inglourious Basterds. Dia memainkan Nick Fury di Iron Man dan Iron Man 2, Thor, dua pertama dari sembilan film komitmen sebagai karakter untuk waralaba Marvel Cinematic Universe. Banyak peran Jackson telah menjadikannya salah satu aktor terlaris di box office. Jackson telah memenangkan banyak penghargaan sepanjang karirnya dan telah digambarkan dalam berbagai bentuk media termasuk film, serial televisi, dan lagu. Pada 1980, Jackson menikahi LaTanya Richardson, yang memiliki satu anak perempuan, Zoe.\r\n\r\nDeskripsi di atas dari artikel Wikipedia, Samuel L. Jackson, dilisensikan di bawah CC-BY-SA, daftar lengkap kontributor di Wikipedia.', 'foto-Samuel-L.-Jackson.jpg', 25),
(97, 'Riwayat Perfilman', 'Pria', 'Ben Mendelsohn', '1969-04-03', 51, 'Seorang aktor Australia, yang pertama kali menjadi terkenal di Australia karena perannya dalam The Year My Voice Broke (1987) dan internasional atas perannya dalam drama kejahatan Animal Kingdom (2010).\r\n\r\nSejak itu ia telah berperan dalam film-film seperti The Dark Knight Rises (2012), Starred Up (2013), Mississippi Grind (2015), Rogue One: A Star Wars Story (2016), dan Captain Marvel (2019).\r\n\r\nMendelsohn membintangi serial Netflix Bloodline (2015–2017), di mana ia telah memenangkan Penghargaan Emmy Primetime untuk Aktor Pendukung Terbaik dalam Seri Drama dari dua nominasi, dan menerima nominasi Golden Globe.\r\n\r\nDeskripsi di atas dari artikel Wikipedia Ben Mendelsohn, dilisensikan di bawah CC-BY-SA, daftar lengkap kontributor di Wikipedia.', 'foto-Ben-Mendelsohn.jpg', 25);

-- --------------------------------------------------------

--
-- Table structure for table `film`
--

CREATE TABLE `film` (
  `id_film` int(11) NOT NULL,
  `namaFilm` varchar(255) NOT NULL,
  `rating` double NOT NULL,
  `genre` varchar(255) NOT NULL,
  `durasi` varchar(255) NOT NULL,
  `tgl_rilis` date NOT NULL,
  `poster_film` varchar(255) NOT NULL,
  `overview` varchar(1000) NOT NULL,
  `bgimage` varchar(255) NOT NULL,
  `stts` varchar(255) NOT NULL DEFAULT 'Rilis',
  `bahasa` varchar(255) NOT NULL,
  `anggaran` double NOT NULL,
  `pemasukan` double NOT NULL
) ENGINE=InnoDB DEFAULT CHARSET=latin1;

--
-- Dumping data for table `film`
--

INSERT INTO `film` (`id_film`, `namaFilm`, `rating`, `genre`, `durasi`, `tgl_rilis`, `poster_film`, `overview`, `bgimage`, `stts`, `bahasa`, `anggaran`, `pemasukan`) VALUES
(2, 'Ad Astra (2019)', 86, 'Cerita Fiksi, Drama', '2h 3m', '2019-09-20', 'ad_astra.jpg', 'Seorang astronot melakukan perjalanan ke tepi luar tata surya untuk menemukan ayahnya dan mengungkap misteri yang mengancam kelangsungan hidup planet kita. Dia mengungkap rahasia yang menantang sifat keberadaan manusia dan tempat kita di kosmos.', 'bg-ad-astra.jpg', 'Rilis', 'Inggris', 8750000000, 13280742700),
(3, 'Bloodshot (2020)', 70, 'Aksi, Cerita Fiksi', '1h 49m', '2020-03-13', 'bloodshot.jpg', 'Ray Garrison Bloodshot adalah seorang prajurit yang dihidupkan kembali oleh sebuah nanoteknologi. Karena teknologi ini ia memiliki kemampuan baru yang luar biasa. Namun masa lalu Ray tiba-tiba muncul dan membuatnya penasaran dengan jati dirinya. Dengan ke', 'bg-bloodshot.jpg', 'Rilis', 'Inggris', 4200000000, 2842885500),
(4, 'Scoob! (2020)', 80, 'Keluarga, Animasi, Komedi, Misteri, Petualangan', '1h 34m', '2020-05-15', 'scoob!.jpg', 'Film ini menceritakan bagaimana awal pertemuan Scooby dan Shaggy. Shaggy yang coba menyelamatkan Scooby dari seorang polisi hingga mereka berdua akhirnya bersahabat. Mereka berdua pun bertemu Freddie, Velma dan Daphne dan menjadi anggota geng Mystery Inc.', 'bg-scoob!.jpg', 'Rilis', 'Inggris', 0, 0),
(5, 'The Hunt (2020)', 67, 'Aksi, Cerita Seru, Kengerian\r\n', '1h 30m', '2020-03-13', 'TheHunt.jpg', 'Twelve strangers wake up in a clearing. They don\'t know where they are—or how they got there. In the shadow of a dark internet conspiracy theory, ruthless elitists gather at a remote location to hunt humans for sport. But their master plan is about to be ', 'bg-thehunt.jpg', 'Rilis', 'Inggris', 1400000000, 651250000),
(6, 'Bad Boys for Life (2020)', 72, 'Thriller, Aksi, Kejahatan', '2h 4m', '2020-01-17', 'Bad Boys for Life.jpg', 'Marcus dan Mike dipaksa untuk menghadapi ancaman baru, perubahan karir, dan krisis paruh baya saat mereka bergabung dengan tim elit AMMO yang baru dibentuk oleh Departemen Kepolisian Miami untuk menaklukkan Armando Amas yang kejam, pemimpin dari bandar narkoba Miami yang berbahaya.', 'bg-badboy.jpg', 'Rilis', 'Inggris', 9000000000, 41907464600),
(7, 'Sonic the Hedgehog (2020)', 75, 'Aksi, Fiksi Ilmiah, Komedi, Keluarga', '1h 39m', '2020-02-14', 'Sonic the Hedgehog.jpg', 'Mengisahkan petualangan Sonic saat ia belajar tentang kompleksitas kehidupan di bumi bersama manusia sahabat barunya, Tom Wachowski. Sonic dan Tom bersatu untuk menghentikan si jahat Dr. Robotnik yang ingin menangkap Sonic dan menggunakan kekuatan istimewanya untuk menguasai dunia.', 'bg-Sonic the Hedgehog.jpg', 'Rilis', 'Inggris', 8500000000, 30676647000),
(8, 'The Gentlemen (2020)', 77, 'Aksi, Kejahatan, Komedi', '1h 53m', '2020-01-24', 'The Gentlemen.jpg', 'Pendatang Amerika Mickey Pearson telah membangun kerajaan ganja yang sangat menguntungkan di London. Ketika tersiar kabar bahwa ia ingin mendapatkan uang dari bisnis selamanya, hal itu memicu plot, skema, penyuapan, dan pemerasan dalam upaya untuk mencuri domainnya dari bawahnya.', 'bg-The Gentlemen.jpg', 'Rilis', 'Inggris', 2200000000, 11499685300),
(9, 'Joker (2019)', 82, 'Kejahatan, Thriller, Drama', '2h 2m', '2019-10-04', 'Joker.jpg', 'Selama 1980-an, seorang pelawak berdiri gagal didorong gila dan beralih ke kehidupan kejahatan dan kekacauan di Kota Gotham sambil menjadi tokoh kejahatan psikopat terkenal.', 'bg-joker.jpg', 'Rilis', 'Inggris', 5500000000, 107425131100),
(10, 'Birds of Prey (and the Fantabulous Emancipation of One Harley Quinn) (2020)', 72, 'Aksi, Kejahatan, Komedi', '1h 49m', '2020-02-07', 'Birds of Prey (and the Fantabulous Emancipation of One Harley Quinn).jpg', 'Harley Quinn bergabung dengan pasukan dengan seorang penyanyi, seorang pembunuh dan seorang detektif polisi untuk membantu seorang gadis muda yang dipukul setelah dia mencuri berlian langka dari seorang penguasa kejahatan.', 'bg-Birds of Prey (and the Fantabulous Emancipation of One Harley Quinn).jpg', 'Rilis', 'Inggris', 7500000000, 20185846100),
(11, 'Survive the Night (2020)', 59, 'Aksi, Thriller', '1h 29m', '2020-05-22', 'Survive the Night.jpg', 'Seorang dokter yang dipermalukan dan keluarganya disandera di rumah mereka oleh para penjahat yang sedang melarikan diri, ketika perampokan yang serba salah mengharuskan mereka untuk mencari perhatian medis segera.', 'bg-Survive the Night.jpg', 'Rilis', 'Inggris', 0, 0),
(12, 'Onward (2020)', 79, 'Animasi, Keluarga, Petualangan, Komedi, Fantasi', '1h 42m', '2020-03-06', 'Onward.jpg', 'Di dunia fantasi pinggiran kota, dua saudara peri remaja memulai sebuah pencarian luar biasa untuk mengetahui apakah masih ada sedikit keajaiban yang tersisa di sana.', 'bg-Onward.jpg', 'Rilis', 'Inggris', 20000000000, 10318141900),
(13, 'Parasite (2019)', 85, 'Komedi, Thriller, Drama', '2h 13m', '2019-11-01', 'Parasite.jpg', 'Semua menganggur, keluarga Ki-taek memiliki minat khusus pada Taman kaya dan glamor untuk mata pencaharian mereka sampai mereka terjerat dalam insiden tak terduga.', 'bg-Parasite.jpg', 'Rilis', 'Korea', 1136300000, 24592407000),
(14, 'Intuition (2020)', 59, 'Thriller, Kejahatan', '1h 56m', '2020-05-28', 'Intuition.jpg', 'Petugas polisi Pipa bekerja pada kasus besar pertamanya sambil secara bersamaan menyelidiki bosnya, yang diduga melakukan pembunuhan. Prekuel \"Perdida\".', 'bg-Intuition.jpg', 'Rilis', 'Spanish; Castilian', 0, 0),
(15, '1917 (2020)', 79, 'Perang, Drama, Aksi, Sejarah', '1h 59m', '2020-01-10', '1917.jpg', 'Pada puncak perang dunia pertama, dua orang tentara Inggris muda, Schofield dan Blake diberikan sebuah misi yang kelihatannya tidak masuk akal. Berlomba melawan waktu, mereka harus melewati daerah musuh dan menyampaikan sebuah pesan yang akan menghentikan serangan mematikan terhadap ratusan tentara - di mana saudara laki-laki Blake berada di antaranya.', 'bg-1917.jpg', 'Rilis', 'Inggris', 10000000000, 36802764400),
(16, 'The Call of the Wild (2020)', 74, 'Drama, Petualangan, Keluarga', '1h 40m', '2020-02-21', 'The Call of the Wild.jpg', 'Buck adalah anjing berhati besar yang kehidupan rumah tangganya terbalik ketika ia tiba-tiba dicopot dari rumahnya di California dan ditransplantasikan ke belantara eksotis Yukon selama Gold Rush tahun 1890-an. Saat rookie terbaru di tim kereta luncur anjing pengiriman surat — dan kemudian pemimpinnya — Buck mengalami petualangan seumur hidup, akhirnya menemukan tempat sejatinya di dunia dan menjadi tuannya sendiri.', 'bg-The Call of the Wild.jpg', 'Rilis', 'Inggris', 10900000000, 10760462600),
(17, 'Aladdin (2019)', 71, 'Petualangan, Fantasi, Roman, Komedi, Keluarga', '2h 8m', '2019-05-24', 'Aladdin.jpg', 'Seorang anak jalanan yang baik hati bernama Aladdin memulai petualangan magis setelah menemukan lampu yang melepaskan jin yang membingungkan sementara Wazir Agung yang haus kekuasaan bersaing untuk lampu yang sama yang memiliki kekuatan untuk membuat harapan terdalam mereka menjadi kenyataan.', 'bg-Aladdin.jpg', 'Rilis', 'Inggris', 18300000000, 104761239400),
(18, 'Extraction (2020)', 75, ' Drama, Aksi, Cerita Seru ', '1h 56m', '2020-04-24', 'Extraction.jpg', 'Extraction menceritakan Tyler Rake, seorang tentara bayaran yang menyerahkan segalanya ketika diminta menyelamatkan Ovi, anak dari pengedar narkoba terbesar. Hal itu bermula ketika terjadi persaingan bisnis antara pengedar narkoba terbesar di India dan Bangladesh.', 'bg-Extraction.jpg', 'Rilis', 'Inggris', 0, 0),
(19, 'The Lovebirds (2020)', 64, ' Aksi, Komedi, Percintaan ', '1h 26m', '2020-05-22', 'The Lovebirds.jpg', 'The Lovebirds adalah sebuah film komedi romansa Amerika Serikat tahun 2020, garapan Michael Showalter, dari skenario karya Aaron Abrams dan Brendan Gall, dari sebuah cerita karya Abrams, Gall dan Martin Gero. Film tersebut menampilkan Kumail Nanjiani, Issa Rae, Paul Sparks, Anna Camp dan Kyle Bornheimer', 'bg-The Lovebirds.jpg', 'Rilis', 'Inggris', 0, 0),
(20, 'The Invisible Man (2020)', 71, ' Cerita Seru, Cerita Fiksi, Kengerian ', '2h 4m', '2020-02-28', 'The Invisible Man.jpg', 'Cecilia Kass tidak pernah percaya bahwa mantan kekasihnya yang temperamental bunuh diri dan meninggalkan warisan kepadanya. Cecilia berusaha membuktikan bahwa ia sedang diburu oleh seseorang yang tidak terlihat oleh siapapun.', 'bg-The Invisible Man.jpg', 'Rilis', 'Inggris', 900000000, 12341467800),
(21, 'Debt Collectors (2020)', 51, ' Aksi, Komedi, Kejahatan ', '1h 37m', '2020-05-29', 'Debt Collectors.jpg', 'Sepasang penagih utang didorong ke dalam situasi berbahaya yang eksplosif, memburu berbagai pekerja rendahan sementara juga menghindari gembong pendendam.', 'bg-Debt Collectors.jpg', 'Rilis', 'Inggris', 0, 0),
(22, 'Dolittle (2020)', 68, 'Komedi, Fantasi, Petualangan, Keluarga ', '1h 41m', '2020-01-17', 'Dolittle.jpg', 'Setelah kehilangan istri tercinta, Dr. John Dolittle (Robert Downey Jr.) yang eksentrik mengasingkan dirinya di balik rumahnya dan hanya ditemani hewan-hewan peliharaannya yang eksotis.', 'bg-Dolittle.jpg', 'Rilis', 'Inggris', 17500000000, 22334345200),
(23, 'Justice League Dark: Apokolips War (2020)', 85, 'Animasi, Aksi, Petualangan, Fantasi, Cerita Fiksi ', '1h 30m', '2020-05-05', 'Justice League Dark Apokolips War.jpg', 'Bumi hancur setelah tiran ilegalgal Darkseid telah menghancurkan Liga Keadilan dalam perang yang dieksekusi dengan buruk oleh Pahlawan Super DC. Sekarang sisa benteng kebaikan - Liga Keadilan, Titans Remaja, Pasukan Bunuh Diri dan berbagai macam lainnya - harus menyusun kembali, menyusun strategi, dan membawa perang ke Darkseid untuk menyelamatkan planet dan penghuninya yang masih hidup.', 'bg-Justice League Dark Apokolips War.jpg', 'Rilis', 'Inggris', 0, 0),
(24, 'Jumanji: The Next Level (2019)', 69, ' Petualangan, Komedi, Fantasi ', '2h 3m', '2019-12-13', 'Jumanji The Next Level.jpg', 'Dalam Jumanji: The Next Level, keempat sahabat kembali lagi, tetapi permainannya telah berubah. Saat memutuskan masuk lagi ke Jumanji untuk menyelamatkan salah satu dari mereka, mereka menemukan segalanya tak seperti yang diduga. Para pemain harus melaju ke wilayah-wilayah tersembunyi dan belum dijamah, dari gurun nan gersang ke pegunungan bersalju, demi meloloskan diri dari permainan paling berbahaya di dunia.', 'bg-JumanjiThe Next Level .jpg', 'Rilis', 'Inggris', 12500000000, 31083000000),
(25, 'Captain Marvel (2019)', 70, 'Aksi, Petualangan, Cerita Fiksi ', '2h 4m', '2019-03-08', 'Captain Marvel.jpg', 'Kisah ini mengikuti Carol Danvers saat ia menjadi salah satu pahlawan paling kuat di alam semesta ketika Bumi terperangkap di tengah perang galaksi antara dua ras alien. Bertempat di tahun 1990-an, Kapten Marvel adalah petualangan yang sepenuhnya baru dari periode yang sebelumnya tidak terlihat dalam sejarah Marvel Cinematic Universe.', 'bg-Captain Marvel.jpg', 'Rilis', 'Inggris', 15200000000, 112827479400);

-- --------------------------------------------------------

--
-- Table structure for table `film_favorite`
--

CREATE TABLE `film_favorite` (
  `id_film_favorite` int(11) NOT NULL,
  `id_film` int(11) NOT NULL
) ENGINE=InnoDB DEFAULT CHARSET=latin1;

--
-- Dumping data for table `film_favorite`
--

INSERT INTO `film_favorite` (`id_film_favorite`, `id_film`) VALUES
(1, 2),
(4, 4),
(8, 10),
(5, 12),
(2, 13),
(6, 15),
(9, 16),
(7, 18),
(10, 20),
(3, 23);

-- --------------------------------------------------------

--
-- Table structure for table `film_mendatang`
--

CREATE TABLE `film_mendatang` (
  `id_film_mendatang` int(11) NOT NULL,
  `id_film` int(11) NOT NULL
) ENGINE=InnoDB DEFAULT CHARSET=latin1;

--
-- Dumping data for table `film_mendatang`
--

INSERT INTO `film_mendatang` (`id_film_mendatang`, `id_film`) VALUES
(1, 6),
(2, 8),
(3, 9),
(8, 15),
(7, 17),
(10, 20),
(9, 22),
(6, 24),
(5, 25);

-- --------------------------------------------------------

--
-- Table structure for table `film_tayang`
--

CREATE TABLE `film_tayang` (
  `id_film_tayang` int(11) NOT NULL,
  `id_film` int(11) NOT NULL
) ENGINE=InnoDB DEFAULT CHARSET=latin1;

--
-- Dumping data for table `film_tayang`
--

INSERT INTO `film_tayang` (`id_film_tayang`, `id_film`) VALUES
(6, 3),
(9, 4),
(7, 5),
(8, 7),
(10, 11),
(1, 14),
(2, 18),
(3, 19),
(4, 21),
(5, 23);

--
-- Indexes for dumped tables
--

--
-- Indexes for table `admin`
--
ALTER TABLE `admin`
  ADD PRIMARY KEY (`id`);

--
-- Indexes for table `aktor`
--
ALTER TABLE `aktor`
  ADD PRIMARY KEY (`id_aktor`),
  ADD KEY `id_film` (`id_film`);

--
-- Indexes for table `film`
--
ALTER TABLE `film`
  ADD PRIMARY KEY (`id_film`);

--
-- Indexes for table `film_favorite`
--
ALTER TABLE `film_favorite`
  ADD PRIMARY KEY (`id_film_favorite`),
  ADD KEY `id_film` (`id_film`);

--
-- Indexes for table `film_mendatang`
--
ALTER TABLE `film_mendatang`
  ADD PRIMARY KEY (`id_film_mendatang`),
  ADD KEY `id_film` (`id_film`);

--
-- Indexes for table `film_tayang`
--
ALTER TABLE `film_tayang`
  ADD PRIMARY KEY (`id_film_tayang`),
  ADD KEY `id_film` (`id_film`);

--
-- AUTO_INCREMENT for dumped tables
--

--
-- AUTO_INCREMENT for table `admin`
--
ALTER TABLE `admin`
  MODIFY `id` int(11) NOT NULL AUTO_INCREMENT, AUTO_INCREMENT=2;

--
-- AUTO_INCREMENT for table `aktor`
--
ALTER TABLE `aktor`
  MODIFY `id_aktor` int(11) NOT NULL AUTO_INCREMENT, AUTO_INCREMENT=101;

--
-- AUTO_INCREMENT for table `film`
--
ALTER TABLE `film`
  MODIFY `id_film` int(11) NOT NULL AUTO_INCREMENT, AUTO_INCREMENT=56;

--
-- AUTO_INCREMENT for table `film_favorite`
--
ALTER TABLE `film_favorite`
  MODIFY `id_film_favorite` int(11) NOT NULL AUTO_INCREMENT, AUTO_INCREMENT=11;

--
-- AUTO_INCREMENT for table `film_mendatang`
--
ALTER TABLE `film_mendatang`
  MODIFY `id_film_mendatang` int(11) NOT NULL AUTO_INCREMENT, AUTO_INCREMENT=11;

--
-- AUTO_INCREMENT for table `film_tayang`
--
ALTER TABLE `film_tayang`
  MODIFY `id_film_tayang` int(11) NOT NULL AUTO_INCREMENT, AUTO_INCREMENT=11;

--
-- Constraints for dumped tables
--

--
-- Constraints for table `aktor`
--
ALTER TABLE `aktor`
  ADD CONSTRAINT `aktor_ibfk_1` FOREIGN KEY (`id_film`) REFERENCES `film` (`id_film`) ON DELETE CASCADE;

--
-- Constraints for table `film_favorite`
--
ALTER TABLE `film_favorite`
  ADD CONSTRAINT `film_favorite_ibfk_1` FOREIGN KEY (`id_film`) REFERENCES `film` (`id_film`) ON DELETE CASCADE;

--
-- Constraints for table `film_mendatang`
--
ALTER TABLE `film_mendatang`
  ADD CONSTRAINT `film_mendatang_ibfk_1` FOREIGN KEY (`id_film`) REFERENCES `film` (`id_film`) ON DELETE CASCADE;

--
-- Constraints for table `film_tayang`
--
ALTER TABLE `film_tayang`
  ADD CONSTRAINT `film_tayang_ibfk_1` FOREIGN KEY (`id_film`) REFERENCES `film` (`id_film`) ON DELETE CASCADE;
COMMIT;

/*!40101 SET CHARACTER_SET_CLIENT=@OLD_CHARACTER_SET_CLIENT */;
/*!40101 SET CHARACTER_SET_RESULTS=@OLD_CHARACTER_SET_RESULTS */;
/*!40101 SET COLLATION_CONNECTION=@OLD_COLLATION_CONNECTION */;
